"","REF_DATE","City","Province","VALUE","covid"
"1",2017-10-01,"St. John's","NL",124.2,"Pre-COVID"
"2",2017-11-01,"St. John's","NL",130.5,"Pre-COVID"
"3",2017-12-01,"St. John's","NL",133.4,"Pre-COVID"
"4",2018-01-01,"St. John's","NL",136.5,"Pre-COVID"
"5",2018-02-01,"St. John's","NL",134.7,"Pre-COVID"
"6",2018-03-01,"St. John's","NL",134.4,"Pre-COVID"
"7",2018-04-01,"St. John's","NL",133.1,"Pre-COVID"
"8",2018-05-01,"St. John's","NL",139.4,"Pre-COVID"
"9",2018-06-01,"St. John's","NL",139.2,"Pre-COVID"
"10",2018-07-01,"St. John's","NL",139.2,"Pre-COVID"
"11",2018-08-01,"St. John's","NL",137.6,"Pre-COVID"
"12",2018-09-01,"St. John's","NL",141.5,"Pre-COVID"
"13",2018-10-01,"St. John's","NL",148.1,"Pre-COVID"
"14",2018-11-01,"St. John's","NL",142.7,"Pre-COVID"
"15",2018-12-01,"St. John's","NL",132.7,"Pre-COVID"
"16",2019-01-01,"St. John's","NL",133.4,"Pre-COVID"
"17",2019-02-01,"St. John's","NL",136.4,"Pre-COVID"
"18",2019-03-01,"St. John's","NL",138.5,"Pre-COVID"
"19",2019-04-01,"St. John's","NL",136.8,"Pre-COVID"
"20",2019-05-01,"St. John's","NL",138.3,"Pre-COVID"
"21",2019-06-01,"St. John's","NL",129.3,"Pre-COVID"
"22",2019-07-01,"St. John's","NL",130.3,"Pre-COVID"
"23",2019-08-01,"St. John's","NL",128.1,"Pre-COVID"
"24",2019-09-01,"St. John's","NL",130.2,"Pre-COVID"
"25",2019-10-01,"St. John's","NL",135.2,"Pre-COVID"
"26",2019-11-01,"St. John's","NL",135.1,"Pre-COVID"
"27",2019-12-01,"St. John's","NL",137.1,"Pre-COVID"
"28",2020-01-01,"St. John's","NL",136.5,"Pre-COVID"
"29",2020-02-01,"St. John's","NL",123.9,"Pre-COVID"
"30",2020-03-01,"St. John's","NL",109.6,"COVID"
"31",2020-04-01,"St. John's","NL",95.6,"COVID"
"32",2020-05-01,"St. John's","NL",87.9,"COVID"
"33",2020-06-01,"St. John's","NL",98.5,"COVID"
"34",2020-07-01,"St. John's","NL",104.5,"COVID"
"35",2020-08-01,"St. John's","NL",103.7,"COVID"
"36",2020-09-01,"St. John's","NL",99.8,"COVID"
"37",2020-10-01,"St. John's","NL",107.6,"COVID"
"38",2020-11-01,"St. John's","NL",114.9,"COVID"
"39",2020-12-01,"St. John's","NL",122.1,"COVID"
"40",2021-01-01,"St. John's","NL",126.7,"COVID"
"41",2021-02-01,"St. John's","NL",132.8,"COVID"
"42",2021-03-01,"St. John's","NL",139.3,"COVID"
"43",2021-04-01,"St. John's","NL",134.7,"COVID"
"44",2021-05-01,"St. John's","NL",138.3,"COVID"
"45",2021-06-01,"St. John's","NL",141.8,"COVID"
"46",2021-07-01,"St. John's","NL",148.5,"COVID"
"47",2021-08-01,"St. John's","NL",147.3,"COVID"
"48",2021-09-01,"St. John's","NL",150.3,"COVID"
"49",2021-10-01,"St. John's","NL",164.4,"COVID"
"50",2021-11-01,"St. John's","NL",165.6,"COVID"
"51",2021-12-01,"St. John's","NL",159.1,"COVID"
"52",2022-01-01,"St. John's","NL",169.6,"COVID"
"53",2022-02-01,"St. John's","NL",182.8,"COVID"
"54",2022-03-01,"St. John's","NL",210.4,"COVID"
"55",2022-04-01,"St. John's","NL",234.7,"COVID"
"56",2022-05-01,"St. John's","NL",255.2,"COVID"
"57",2022-06-01,"St. John's","NL",231.2,"COVID"
"58",2022-07-01,"St. John's","NL",210.2,"COVID"
"59",2022-08-01,"St. John's","NL",202.6,"Post-COVID"
"60",2022-09-01,"St. John's","NL",202.4,"Post-COVID"
"61",2022-10-01,"St. John's","NL",236.4,"Post-COVID"
"62",2022-11-01,"St. John's","NL",272.8,"Post-COVID"
"63",2022-12-01,"St. John's","NL",237.9,"Post-COVID"
"64",2023-01-01,"St. John's","NL",214.9,"Post-COVID"
"65",2023-02-01,"St. John's","NL",208,"Post-COVID"
"66",2023-03-01,"St. John's","NL",193.4,"Post-COVID"
"67",2023-04-01,"St. John's","NL",177.8,"Post-COVID"
"68",2023-05-01,"St. John's","NL",159.9,"Post-COVID"
"69",2023-06-01,"St. John's","NL",160.6,"Post-COVID"
"70",2023-07-01,"St. John's","NL",174.2,"Post-COVID"
"71",2023-08-01,"St. John's","NL",197.1,"Post-COVID"
"72",2023-09-01,"St. John's","NL",207,"Post-COVID"
"73",2023-10-01,"St. John's","NL",210.2,"Post-COVID"
"74",2023-11-01,"St. John's","NL",208.9,"Post-COVID"
"75",2023-12-01,"St. John's","NL",200.8,"Post-COVID"
"76",2024-01-01,"St. John's","NL",199,"Post-COVID"
"77",2024-02-01,"St. John's","NL",208.3,"Post-COVID"
"78",2024-03-01,"St. John's","NL",205.4,"Post-COVID"
"79",2024-04-01,"St. John's","NL",196.1,"Post-COVID"
"80",2024-05-01,"St. John's","NL",181,"Post-COVID"
"81",2024-06-01,"St. John's","NL",178.4,"Post-COVID"
"82",2024-07-01,"St. John's","NL",182.9,"Post-COVID"
"83",2024-08-01,"St. John's","NL",175.3,"Post-COVID"
"84",2024-09-01,"St. John's","NL",167.2,"Post-COVID"
"85",2024-10-01,"St. John's","NL",176.3,"Post-COVID"
"86",2024-11-01,"St. John's","NL",181.2,"Post-COVID"
"87",2024-12-01,"St. John's","NL",182.2,"Post-COVID"
"88",2017-10-01,"Charlottetown and Summerside","PE",115.6,"Pre-COVID"
"89",2017-11-01,"Charlottetown and Summerside","PE",123,"Pre-COVID"
"90",2017-12-01,"Charlottetown and Summerside","PE",124.1,"Pre-COVID"
"91",2018-01-01,"Charlottetown and Summerside","PE",127.9,"Pre-COVID"
"92",2018-02-01,"Charlottetown and Summerside","PE",124.5,"Pre-COVID"
"93",2018-03-01,"Charlottetown and Summerside","PE",127,"Pre-COVID"
"94",2018-04-01,"Charlottetown and Summerside","PE",129.5,"Pre-COVID"
"95",2018-05-01,"Charlottetown and Summerside","PE",134.8,"Pre-COVID"
"96",2018-06-01,"Charlottetown and Summerside","PE",136,"Pre-COVID"
"97",2018-07-01,"Charlottetown and Summerside","PE",133.7,"Pre-COVID"
"98",2018-08-01,"Charlottetown and Summerside","PE",132.3,"Pre-COVID"
"99",2018-09-01,"Charlottetown and Summerside","PE",135.7,"Pre-COVID"
"100",2018-10-01,"Charlottetown and Summerside","PE",143.1,"Pre-COVID"
"101",2018-11-01,"Charlottetown and Summerside","PE",136.4,"Pre-COVID"
"102",2018-12-01,"Charlottetown and Summerside","PE",125.9,"Pre-COVID"
"103",2019-01-01,"Charlottetown and Summerside","PE",120.5,"Pre-COVID"
"104",2019-02-01,"Charlottetown and Summerside","PE",126,"Pre-COVID"
"105",2019-03-01,"Charlottetown and Summerside","PE",127.4,"Pre-COVID"
"106",2019-04-01,"Charlottetown and Summerside","PE",133.8,"Pre-COVID"
"107",2019-05-01,"Charlottetown and Summerside","PE",135.3,"Pre-COVID"
"108",2019-06-01,"Charlottetown and Summerside","PE",124.9,"Pre-COVID"
"109",2019-07-01,"Charlottetown and Summerside","PE",127.4,"Pre-COVID"
"110",2019-08-01,"Charlottetown and Summerside","PE",123.5,"Pre-COVID"
"111",2019-09-01,"Charlottetown and Summerside","PE",126.6,"Pre-COVID"
"112",2019-10-01,"Charlottetown and Summerside","PE",129.7,"Pre-COVID"
"113",2019-11-01,"Charlottetown and Summerside","PE",130.6,"Pre-COVID"
"114",2019-12-01,"Charlottetown and Summerside","PE",132.9,"Pre-COVID"
"115",2020-01-01,"Charlottetown and Summerside","PE",129.9,"Pre-COVID"
"116",2020-02-01,"Charlottetown and Summerside","PE",118.6,"Pre-COVID"
"117",2020-03-01,"Charlottetown and Summerside","PE",102.2,"COVID"
"118",2020-04-01,"Charlottetown and Summerside","PE",92.4,"COVID"
"119",2020-05-01,"Charlottetown and Summerside","PE",84.4,"COVID"
"120",2020-06-01,"Charlottetown and Summerside","PE",95.4,"COVID"
"121",2020-07-01,"Charlottetown and Summerside","PE",100.1,"COVID"
"122",2020-08-01,"Charlottetown and Summerside","PE",100.1,"COVID"
"123",2020-09-01,"Charlottetown and Summerside","PE",96.2,"COVID"
"124",2020-10-01,"Charlottetown and Summerside","PE",99.6,"COVID"
"125",2020-11-01,"Charlottetown and Summerside","PE",102.4,"COVID"
"126",2020-12-01,"Charlottetown and Summerside","PE",110.2,"COVID"
"127",2021-01-01,"Charlottetown and Summerside","PE",114.7,"COVID"
"128",2021-02-01,"Charlottetown and Summerside","PE",121.7,"COVID"
"129",2021-03-01,"Charlottetown and Summerside","PE",127.1,"COVID"
"130",2021-04-01,"Charlottetown and Summerside","PE",123,"COVID"
"131",2021-05-01,"Charlottetown and Summerside","PE",126.2,"COVID"
"132",2021-06-01,"Charlottetown and Summerside","PE",130.3,"COVID"
"133",2021-07-01,"Charlottetown and Summerside","PE",134.5,"COVID"
"134",2021-08-01,"Charlottetown and Summerside","PE",133.9,"COVID"
"135",2021-09-01,"Charlottetown and Summerside","PE",137.5,"COVID"
"136",2021-10-01,"Charlottetown and Summerside","PE",151.7,"COVID"
"137",2021-11-01,"Charlottetown and Summerside","PE",154.7,"COVID"
"138",2021-12-01,"Charlottetown and Summerside","PE",145.6,"COVID"
"139",2022-01-01,"Charlottetown and Summerside","PE",157.3,"COVID"
"140",2022-02-01,"Charlottetown and Summerside","PE",170.3,"COVID"
"141",2022-03-01,"Charlottetown and Summerside","PE",197.4,"COVID"
"142",2022-04-01,"Charlottetown and Summerside","PE",212.6,"COVID"
"143",2022-05-01,"Charlottetown and Summerside","PE",246.4,"COVID"
"144",2022-06-01,"Charlottetown and Summerside","PE",229.2,"COVID"
"145",2022-07-01,"Charlottetown and Summerside","PE",211.5,"COVID"
"146",2022-08-01,"Charlottetown and Summerside","PE",199.7,"Post-COVID"
"147",2022-09-01,"Charlottetown and Summerside","PE",202.2,"Post-COVID"
"148",2022-10-01,"Charlottetown and Summerside","PE",233.3,"Post-COVID"
"149",2022-11-01,"Charlottetown and Summerside","PE",268.6,"Post-COVID"
"150",2022-12-01,"Charlottetown and Summerside","PE",245.9,"Post-COVID"
"151",2023-01-01,"Charlottetown and Summerside","PE",220.5,"Post-COVID"
"152",2023-02-01,"Charlottetown and Summerside","PE",214.8,"Post-COVID"
"153",2023-03-01,"Charlottetown and Summerside","PE",193.1,"Post-COVID"
"154",2023-04-01,"Charlottetown and Summerside","PE",176.1,"Post-COVID"
"155",2023-05-01,"Charlottetown and Summerside","PE",159.2,"Post-COVID"
"156",2023-06-01,"Charlottetown and Summerside","PE",157.6,"Post-COVID"
"157",2023-07-01,"Charlottetown and Summerside","PE",174.2,"Post-COVID"
"158",2023-08-01,"Charlottetown and Summerside","PE",199.6,"Post-COVID"
"159",2023-09-01,"Charlottetown and Summerside","PE",208.6,"Post-COVID"
"160",2023-10-01,"Charlottetown and Summerside","PE",210.4,"Post-COVID"
"161",2023-11-01,"Charlottetown and Summerside","PE",206.9,"Post-COVID"
"162",2023-12-01,"Charlottetown and Summerside","PE",198.8,"Post-COVID"
"163",2024-01-01,"Charlottetown and Summerside","PE",196.1,"Post-COVID"
"164",2024-02-01,"Charlottetown and Summerside","PE",202.1,"Post-COVID"
"165",2024-03-01,"Charlottetown and Summerside","PE",195.2,"Post-COVID"
"166",2024-04-01,"Charlottetown and Summerside","PE",189,"Post-COVID"
"167",2024-05-01,"Charlottetown and Summerside","PE",180.8,"Post-COVID"
"168",2024-06-01,"Charlottetown and Summerside","PE",178.4,"Post-COVID"
"169",2024-07-01,"Charlottetown and Summerside","PE",183.4,"Post-COVID"
"170",2024-08-01,"Charlottetown and Summerside","PE",174.9,"Post-COVID"
"171",2024-09-01,"Charlottetown and Summerside","PE",165.5,"Post-COVID"
"172",2024-10-01,"Charlottetown and Summerside","PE",173.3,"Post-COVID"
"173",2024-11-01,"Charlottetown and Summerside","PE",180.8,"Post-COVID"
"174",2024-12-01,"Charlottetown and Summerside","PE",182.2,"Post-COVID"
"175",2017-10-01,"Halifax","NS",106.8,"Pre-COVID"
"176",2017-11-01,"Halifax","NS",113.9,"Pre-COVID"
"177",2017-12-01,"Halifax","NS",117.1,"Pre-COVID"
"178",2018-01-01,"Halifax","NS",121.7,"Pre-COVID"
"179",2018-02-01,"Halifax","NS",117.7,"Pre-COVID"
"180",2018-03-01,"Halifax","NS",116.7,"Pre-COVID"
"181",2018-04-01,"Halifax","NS",117.9,"Pre-COVID"
"182",2018-05-01,"Halifax","NS",124.3,"Pre-COVID"
"183",2018-06-01,"Halifax","NS",122.9,"Pre-COVID"
"184",2018-07-01,"Halifax","NS",122.5,"Pre-COVID"
"185",2018-08-01,"Halifax","NS",121.4,"Pre-COVID"
"186",2018-09-01,"Halifax","NS",126.4,"Pre-COVID"
"187",2018-10-01,"Halifax","NS",131.4,"Pre-COVID"
"188",2018-11-01,"Halifax","NS",124.8,"Pre-COVID"
"189",2018-12-01,"Halifax","NS",113.6,"Pre-COVID"
"190",2019-01-01,"Halifax","NS",117.1,"Pre-COVID"
"191",2019-02-01,"Halifax","NS",120.9,"Pre-COVID"
"192",2019-03-01,"Halifax","NS",123,"Pre-COVID"
"193",2019-04-01,"Halifax","NS",122.9,"Pre-COVID"
"194",2019-05-01,"Halifax","NS",123.2,"Pre-COVID"
"195",2019-06-01,"Halifax","NS",111.4,"Pre-COVID"
"196",2019-07-01,"Halifax","NS",114.5,"Pre-COVID"
"197",2019-08-01,"Halifax","NS",111.9,"Pre-COVID"
"198",2019-09-01,"Halifax","NS",115.2,"Pre-COVID"
"199",2019-10-01,"Halifax","NS",118.2,"Pre-COVID"
"200",2019-11-01,"Halifax","NS",118.8,"Pre-COVID"
"201",2019-12-01,"Halifax","NS",121.2,"Pre-COVID"
"202",2020-01-01,"Halifax","NS",119.3,"Pre-COVID"
"203",2020-02-01,"Halifax","NS",107.1,"Pre-COVID"
"204",2020-03-01,"Halifax","NS",91.7,"COVID"
"205",2020-04-01,"Halifax","NS",77.2,"COVID"
"206",2020-05-01,"Halifax","NS",71.5,"COVID"
"207",2020-06-01,"Halifax","NS",82.8,"COVID"
"208",2020-07-01,"Halifax","NS",89.7,"COVID"
"209",2020-08-01,"Halifax","NS",88.7,"COVID"
"210",2020-09-01,"Halifax","NS",84.3,"COVID"
"211",2020-10-01,"Halifax","NS",87.6,"COVID"
"212",2020-11-01,"Halifax","NS",90.1,"COVID"
"213",2020-12-01,"Halifax","NS",97.9,"COVID"
"214",2021-01-01,"Halifax","NS",104.9,"COVID"
"215",2021-02-01,"Halifax","NS",112.2,"COVID"
"216",2021-03-01,"Halifax","NS",117.8,"COVID"
"217",2021-04-01,"Halifax","NS",113.2,"COVID"
"218",2021-05-01,"Halifax","NS",117.3,"COVID"
"219",2021-06-01,"Halifax","NS",121.2,"COVID"
"220",2021-07-01,"Halifax","NS",124.5,"COVID"
"221",2021-08-01,"Halifax","NS",123.4,"COVID"
"222",2021-09-01,"Halifax","NS",126.7,"COVID"
"223",2021-10-01,"Halifax","NS",140.6,"COVID"
"224",2021-11-01,"Halifax","NS",141.5,"COVID"
"225",2021-12-01,"Halifax","NS",132.3,"COVID"
"226",2022-01-01,"Halifax","NS",147.7,"COVID"
"227",2022-02-01,"Halifax","NS",161.5,"COVID"
"228",2022-03-01,"Halifax","NS",189.7,"COVID"
"229",2022-04-01,"Halifax","NS",205.5,"COVID"
"230",2022-05-01,"Halifax","NS",226.6,"COVID"
"231",2022-06-01,"Halifax","NS",213.6,"COVID"
"232",2022-07-01,"Halifax","NS",191.9,"COVID"
"233",2022-08-01,"Halifax","NS",183.9,"Post-COVID"
"234",2022-09-01,"Halifax","NS",184.9,"Post-COVID"
"235",2022-10-01,"Halifax","NS",224.9,"Post-COVID"
"236",2022-11-01,"Halifax","NS",248.2,"Post-COVID"
"237",2022-12-01,"Halifax","NS",220,"Post-COVID"
"238",2023-01-01,"Halifax","NS",191.8,"Post-COVID"
"239",2023-02-01,"Halifax","NS",192.6,"Post-COVID"
"240",2023-03-01,"Halifax","NS",169.1,"Post-COVID"
"241",2023-04-01,"Halifax","NS",155.4,"Post-COVID"
"242",2023-05-01,"Halifax","NS",138.3,"Post-COVID"
"243",2023-06-01,"Halifax","NS",139.2,"Post-COVID"
"244",2023-07-01,"Halifax","NS",170.7,"Post-COVID"
"245",2023-08-01,"Halifax","NS",196,"Post-COVID"
"246",2023-09-01,"Halifax","NS",207.6,"Post-COVID"
"247",2023-10-01,"Halifax","NS",207.1,"Post-COVID"
"248",2023-11-01,"Halifax","NS",203.2,"Post-COVID"
"249",2023-12-01,"Halifax","NS",191.2,"Post-COVID"
"250",2024-01-01,"Halifax","NS",190.7,"Post-COVID"
"251",2024-02-01,"Halifax","NS",196.4,"Post-COVID"
"252",2024-03-01,"Halifax","NS",190.3,"Post-COVID"
"253",2024-04-01,"Halifax","NS",189.2,"Post-COVID"
"254",2024-05-01,"Halifax","NS",177.7,"Post-COVID"
"255",2024-06-01,"Halifax","NS",174.8,"Post-COVID"
"256",2024-07-01,"Halifax","NS",177.9,"Post-COVID"
"257",2024-08-01,"Halifax","NS",168.4,"Post-COVID"
"258",2024-09-01,"Halifax","NS",159.8,"Post-COVID"
"259",2024-10-01,"Halifax","NS",167.6,"Post-COVID"
"260",2024-11-01,"Halifax","NS",172.1,"Post-COVID"
"261",2024-12-01,"Halifax","NS",174.1,"Post-COVID"
"262",2017-10-01,"Saint John","NB",114.5,"Pre-COVID"
"263",2017-11-01,"Saint John","NB",120.7,"Pre-COVID"
"264",2017-12-01,"Saint John","NB",124.6,"Pre-COVID"
"265",2018-01-01,"Saint John","NB",128.1,"Pre-COVID"
"266",2018-02-01,"Saint John","NB",126.3,"Pre-COVID"
"267",2018-03-01,"Saint John","NB",124.6,"Pre-COVID"
"268",2018-04-01,"Saint John","NB",124.3,"Pre-COVID"
"269",2018-05-01,"Saint John","NB",129.6,"Pre-COVID"
"270",2018-06-01,"Saint John","NB",129.8,"Pre-COVID"
"271",2018-07-01,"Saint John","NB",130.1,"Pre-COVID"
"272",2018-08-01,"Saint John","NB",129,"Pre-COVID"
"273",2018-09-01,"Saint John","NB",133.3,"Pre-COVID"
"274",2018-10-01,"Saint John","NB",138.2,"Pre-COVID"
"275",2018-11-01,"Saint John","NB",133.5,"Pre-COVID"
"276",2018-12-01,"Saint John","NB",124.3,"Pre-COVID"
"277",2019-01-01,"Saint John","NB",125.1,"Pre-COVID"
"278",2019-02-01,"Saint John","NB",127.7,"Pre-COVID"
"279",2019-03-01,"Saint John","NB",129.4,"Pre-COVID"
"280",2019-04-01,"Saint John","NB",134.4,"Pre-COVID"
"281",2019-05-01,"Saint John","NB",135.3,"Pre-COVID"
"282",2019-06-01,"Saint John","NB",126.1,"Pre-COVID"
"283",2019-07-01,"Saint John","NB",127.4,"Pre-COVID"
"284",2019-08-01,"Saint John","NB",125.1,"Pre-COVID"
"285",2019-09-01,"Saint John","NB",127.8,"Pre-COVID"
"286",2019-10-01,"Saint John","NB",131.2,"Pre-COVID"
"287",2019-11-01,"Saint John","NB",132.5,"Pre-COVID"
"288",2019-12-01,"Saint John","NB",134.9,"Pre-COVID"
"289",2020-01-01,"Saint John","NB",133.8,"Pre-COVID"
"290",2020-02-01,"Saint John","NB",121.8,"Pre-COVID"
"291",2020-03-01,"Saint John","NB",108.9,"COVID"
"292",2020-04-01,"Saint John","NB",89.7,"COVID"
"293",2020-05-01,"Saint John","NB",82.4,"COVID"
"294",2020-06-01,"Saint John","NB",92.6,"COVID"
"295",2020-07-01,"Saint John","NB",98.7,"COVID"
"296",2020-08-01,"Saint John","NB",97.9,"COVID"
"297",2020-09-01,"Saint John","NB",95.1,"COVID"
"298",2020-10-01,"Saint John","NB",97.4,"COVID"
"299",2020-11-01,"Saint John","NB",99,"COVID"
"300",2020-12-01,"Saint John","NB",106.5,"COVID"
"301",2021-01-01,"Saint John","NB",111,"COVID"
"302",2021-02-01,"Saint John","NB",116.8,"COVID"
"303",2021-03-01,"Saint John","NB",123,"COVID"
"304",2021-04-01,"Saint John","NB",123,"COVID"
"305",2021-05-01,"Saint John","NB",127,"COVID"
"306",2021-06-01,"Saint John","NB",130.6,"COVID"
"307",2021-07-01,"Saint John","NB",133.8,"COVID"
"308",2021-08-01,"Saint John","NB",132.7,"COVID"
"309",2021-09-01,"Saint John","NB",136.1,"COVID"
"310",2021-10-01,"Saint John","NB",148.6,"COVID"
"311",2021-11-01,"Saint John","NB",150.8,"COVID"
"312",2021-12-01,"Saint John","NB",144.4,"COVID"
"313",2022-01-01,"Saint John","NB",155.3,"COVID"
"314",2022-02-01,"Saint John","NB",168.4,"COVID"
"315",2022-03-01,"Saint John","NB",190.5,"COVID"
"316",2022-04-01,"Saint John","NB",212.9,"COVID"
"317",2022-05-01,"Saint John","NB",241,"COVID"
"318",2022-06-01,"Saint John","NB",224.1,"COVID"
"319",2022-07-01,"Saint John","NB",209.2,"COVID"
"320",2022-08-01,"Saint John","NB",194,"Post-COVID"
"321",2022-09-01,"Saint John","NB",200,"Post-COVID"
"322",2022-10-01,"Saint John","NB",232.3,"Post-COVID"
"323",2022-11-01,"Saint John","NB",267.5,"Post-COVID"
"324",2022-12-01,"Saint John","NB",243.9,"Post-COVID"
"325",2023-01-01,"Saint John","NB",211.1,"Post-COVID"
"326",2023-02-01,"Saint John","NB",209.3,"Post-COVID"
"327",2023-03-01,"Saint John","NB",186.3,"Post-COVID"
"328",2023-04-01,"Saint John","NB",171.3,"Post-COVID"
"329",2023-05-01,"Saint John","NB",154.9,"Post-COVID"
"330",2023-06-01,"Saint John","NB",155.3,"Post-COVID"
"331",2023-07-01,"Saint John","NB",171.2,"Post-COVID"
"332",2023-08-01,"Saint John","NB",193.8,"Post-COVID"
"333",2023-09-01,"Saint John","NB",206.2,"Post-COVID"
"334",2023-10-01,"Saint John","NB",207,"Post-COVID"
"335",2023-11-01,"Saint John","NB",203.4,"Post-COVID"
"336",2023-12-01,"Saint John","NB",196.3,"Post-COVID"
"337",2024-01-01,"Saint John","NB",194.7,"Post-COVID"
"338",2024-02-01,"Saint John","NB",201.5,"Post-COVID"
"339",2024-03-01,"Saint John","NB",189.7,"Post-COVID"
"340",2024-04-01,"Saint John","NB",183.9,"Post-COVID"
"341",2024-05-01,"Saint John","NB",171.1,"Post-COVID"
"342",2024-06-01,"Saint John","NB",167.9,"Post-COVID"
"343",2024-07-01,"Saint John","NB",173.1,"Post-COVID"
"344",2024-08-01,"Saint John","NB",165.2,"Post-COVID"
"345",2024-09-01,"Saint John","NB",157.3,"Post-COVID"
"346",2024-10-01,"Saint John","NB",165.5,"Post-COVID"
"347",2024-11-01,"Saint John","NB",172,"Post-COVID"
"348",2024-12-01,"Saint John","NB",173.1,"Post-COVID"
"349",2017-10-01,"Québec","QC",111.8,"Pre-COVID"
"350",2017-11-01,"Québec","QC",120.9,"Pre-COVID"
"351",2017-12-01,"Québec","QC",123,"Pre-COVID"
"352",2018-01-01,"Québec","QC",127,"Pre-COVID"
"353",2018-02-01,"Québec","QC",127.2,"Pre-COVID"
"354",2018-03-01,"Québec","QC",127.2,"Pre-COVID"
"355",2018-04-01,"Québec","QC",129.3,"Pre-COVID"
"356",2018-05-01,"Québec","QC",134.5,"Pre-COVID"
"357",2018-06-01,"Québec","QC",135.3,"Pre-COVID"
"358",2018-07-01,"Québec","QC",132.9,"Pre-COVID"
"359",2018-08-01,"Québec","QC",131.2,"Pre-COVID"
"360",2018-09-01,"Québec","QC",134.1,"Pre-COVID"
"361",2018-10-01,"Québec","QC",137.8,"Pre-COVID"
"362",2018-11-01,"Québec","QC",137,"Pre-COVID"
"363",2018-12-01,"Québec","QC",129,"Pre-COVID"
"364",2019-01-01,"Québec","QC",126.9,"Pre-COVID"
"365",2019-02-01,"Québec","QC",126.8,"Pre-COVID"
"366",2019-03-01,"Québec","QC",129.3,"Pre-COVID"
"367",2019-04-01,"Québec","QC",129.2,"Pre-COVID"
"368",2019-05-01,"Québec","QC",131.4,"Pre-COVID"
"369",2019-06-01,"Québec","QC",126.5,"Pre-COVID"
"370",2019-07-01,"Québec","QC",126.2,"Pre-COVID"
"371",2019-08-01,"Québec","QC",125,"Pre-COVID"
"372",2019-09-01,"Québec","QC",126.2,"Pre-COVID"
"373",2019-10-01,"Québec","QC",128.4,"Pre-COVID"
"374",2019-11-01,"Québec","QC",131.5,"Pre-COVID"
"375",2019-12-01,"Québec","QC",132.7,"Pre-COVID"
"376",2020-01-01,"Québec","QC",131.2,"Pre-COVID"
"377",2020-02-01,"Québec","QC",124.4,"Pre-COVID"
"378",2020-03-01,"Québec","QC",113,"COVID"
"379",2020-04-01,"Québec","QC",102.7,"COVID"
"380",2020-05-01,"Québec","QC",94.6,"COVID"
"381",2020-06-01,"Québec","QC",99,"COVID"
"382",2020-07-01,"Québec","QC",103.5,"COVID"
"383",2020-08-01,"Québec","QC",103.4,"COVID"
"384",2020-09-01,"Québec","QC",101.5,"COVID"
"385",2020-10-01,"Québec","QC",101,"COVID"
"386",2020-11-01,"Québec","QC",103.6,"COVID"
"387",2020-12-01,"Québec","QC",107.8,"COVID"
"388",2021-01-01,"Québec","QC",112.5,"COVID"
"389",2021-02-01,"Québec","QC",116.5,"COVID"
"390",2021-03-01,"Québec","QC",121.7,"COVID"
"391",2021-04-01,"Québec","QC",120.4,"COVID"
"392",2021-05-01,"Québec","QC",122.4,"COVID"
"393",2021-06-01,"Québec","QC",125,"COVID"
"394",2021-07-01,"Québec","QC",126.2,"COVID"
"395",2021-08-01,"Québec","QC",129.3,"COVID"
"396",2021-09-01,"Québec","QC",132.7,"COVID"
"397",2021-10-01,"Québec","QC",144.5,"COVID"
"398",2021-11-01,"Québec","QC",148.8,"COVID"
"399",2021-12-01,"Québec","QC",148.8,"COVID"
"400",2022-01-01,"Québec","QC",154,"COVID"
"401",2022-02-01,"Québec","QC",165.2,"COVID"
"402",2022-03-01,"Québec","QC",196.8,"COVID"
"403",2022-04-01,"Québec","QC",207,"COVID"
"404",2022-05-01,"Québec","QC",244.8,"COVID"
"405",2022-06-01,"Québec","QC",232.5,"COVID"
"406",2022-07-01,"Québec","QC",215.7,"COVID"
"407",2022-08-01,"Québec","QC",200,"Post-COVID"
"408",2022-09-01,"Québec","QC",198.4,"Post-COVID"
"409",2022-10-01,"Québec","QC",228.3,"Post-COVID"
"410",2022-11-01,"Québec","QC",243.7,"Post-COVID"
"411",2022-12-01,"Québec","QC",228.6,"Post-COVID"
"412",2023-01-01,"Québec","QC",231.4,"Post-COVID"
"413",2023-02-01,"Québec","QC",209.5,"Post-COVID"
"414",2023-03-01,"Québec","QC",191.7,"Post-COVID"
"415",2023-04-01,"Québec","QC",177.7,"Post-COVID"
"416",2023-05-01,"Québec","QC",160.3,"Post-COVID"
"417",2023-06-01,"Québec","QC",161.2,"Post-COVID"
"418",2023-07-01,"Québec","QC",172.8,"Post-COVID"
"419",2023-08-01,"Québec","QC",190.3,"Post-COVID"
"420",2023-09-01,"Québec","QC",204,"Post-COVID"
"421",2023-10-01,"Québec","QC",204.5,"Post-COVID"
"422",2023-11-01,"Québec","QC",202.5,"Post-COVID"
"423",2023-12-01,"Québec","QC",193.4,"Post-COVID"
"424",2024-01-01,"Québec","QC",188.5,"Post-COVID"
"425",2024-02-01,"Québec","QC",190.8,"Post-COVID"
"426",2024-03-01,"Québec","QC",190.4,"Post-COVID"
"427",2024-04-01,"Québec","QC",188.8,"Post-COVID"
"428",2024-05-01,"Québec","QC",180.4,"Post-COVID"
"429",2024-06-01,"Québec","QC",176.6,"Post-COVID"
"430",2024-07-01,"Québec","QC",176.7,"Post-COVID"
"431",2024-08-01,"Québec","QC",173.7,"Post-COVID"
"432",2024-09-01,"Québec","QC",167.8,"Post-COVID"
"433",2024-10-01,"Québec","QC",168.3,"Post-COVID"
"434",2024-11-01,"Québec","QC",172.8,"Post-COVID"
"435",2024-12-01,"Québec","QC",173.8,"Post-COVID"
"436",2017-10-01,"Montréal","QC",112.1,"Pre-COVID"
"437",2017-11-01,"Montréal","QC",121.2,"Pre-COVID"
"438",2017-12-01,"Montréal","QC",123.3,"Pre-COVID"
"439",2018-01-01,"Montréal","QC",127.7,"Pre-COVID"
"440",2018-02-01,"Montréal","QC",127.3,"Pre-COVID"
"441",2018-03-01,"Montréal","QC",127.3,"Pre-COVID"
"442",2018-04-01,"Montréal","QC",129.5,"Pre-COVID"
"443",2018-05-01,"Montréal","QC",134.7,"Pre-COVID"
"444",2018-06-01,"Montréal","QC",134.9,"Pre-COVID"
"445",2018-07-01,"Montréal","QC",132.5,"Pre-COVID"
"446",2018-08-01,"Montréal","QC",129.9,"Pre-COVID"
"447",2018-09-01,"Montréal","QC",133.5,"Pre-COVID"
"448",2018-10-01,"Montréal","QC",136.8,"Pre-COVID"
"449",2018-11-01,"Montréal","QC",136.4,"Pre-COVID"
"450",2018-12-01,"Montréal","QC",130.3,"Pre-COVID"
"451",2019-01-01,"Montréal","QC",126.9,"Pre-COVID"
"452",2019-02-01,"Montréal","QC",126.3,"Pre-COVID"
"453",2019-03-01,"Montréal","QC",128.7,"Pre-COVID"
"454",2019-04-01,"Montréal","QC",128.7,"Pre-COVID"
"455",2019-05-01,"Montréal","QC",130.1,"Pre-COVID"
"456",2019-06-01,"Montréal","QC",126.6,"Pre-COVID"
"457",2019-07-01,"Montréal","QC",126.5,"Pre-COVID"
"458",2019-08-01,"Montréal","QC",125.8,"Pre-COVID"
"459",2019-09-01,"Montréal","QC",125.6,"Pre-COVID"
"460",2019-10-01,"Montréal","QC",127.4,"Pre-COVID"
"461",2019-11-01,"Montréal","QC",130.6,"Pre-COVID"
"462",2019-12-01,"Montréal","QC",132.4,"Pre-COVID"
"463",2020-01-01,"Montréal","QC",131.8,"Pre-COVID"
"464",2020-02-01,"Montréal","QC",125.4,"Pre-COVID"
"465",2020-03-01,"Montréal","QC",114.2,"COVID"
"466",2020-04-01,"Montréal","QC",104.2,"COVID"
"467",2020-05-01,"Montréal","QC",97.3,"COVID"
"468",2020-06-01,"Montréal","QC",99.4,"COVID"
"469",2020-07-01,"Montréal","QC",103.9,"COVID"
"470",2020-08-01,"Montréal","QC",104.7,"COVID"
"471",2020-09-01,"Montréal","QC",102.3,"COVID"
"472",2020-10-01,"Montréal","QC",101,"COVID"
"473",2020-11-01,"Montréal","QC",102.5,"COVID"
"474",2020-12-01,"Montréal","QC",107,"COVID"
"475",2021-01-01,"Montréal","QC",110.7,"COVID"
"476",2021-02-01,"Montréal","QC",114.8,"COVID"
"477",2021-03-01,"Montréal","QC",119.7,"COVID"
"478",2021-04-01,"Montréal","QC",119.1,"COVID"
"479",2021-05-01,"Montréal","QC",120.4,"COVID"
"480",2021-06-01,"Montréal","QC",123.1,"COVID"
"481",2021-07-01,"Montréal","QC",126.3,"COVID"
"482",2021-08-01,"Montréal","QC",127.1,"COVID"
"483",2021-09-01,"Montréal","QC",131.7,"COVID"
"484",2021-10-01,"Montréal","QC",143.2,"COVID"
"485",2021-11-01,"Montréal","QC",146.6,"COVID"
"486",2021-12-01,"Montréal","QC",146.1,"COVID"
"487",2022-01-01,"Montréal","QC",152.3,"COVID"
"488",2022-02-01,"Montréal","QC",164.9,"COVID"
"489",2022-03-01,"Montréal","QC",198.5,"COVID"
"490",2022-04-01,"Montréal","QC",208.2,"COVID"
"491",2022-05-01,"Montréal","QC",246.1,"COVID"
"492",2022-06-01,"Montréal","QC",233.1,"COVID"
"493",2022-07-01,"Montréal","QC",214.8,"COVID"
"494",2022-08-01,"Montréal","QC",200.3,"Post-COVID"
"495",2022-09-01,"Montréal","QC",199,"Post-COVID"
"496",2022-10-01,"Montréal","QC",231.9,"Post-COVID"
"497",2022-11-01,"Montréal","QC",241.6,"Post-COVID"
"498",2022-12-01,"Montréal","QC",228.3,"Post-COVID"
"499",2023-01-01,"Montréal","QC",226.8,"Post-COVID"
"500",2023-02-01,"Montréal","QC",198.5,"Post-COVID"
"501",2023-03-01,"Montréal","QC",188.3,"Post-COVID"
"502",2023-04-01,"Montréal","QC",173.1,"Post-COVID"
"503",2023-05-01,"Montréal","QC",159,"Post-COVID"
"504",2023-06-01,"Montréal","QC",159.6,"Post-COVID"
"505",2023-07-01,"Montréal","QC",171.2,"Post-COVID"
"506",2023-08-01,"Montréal","QC",192.5,"Post-COVID"
"507",2023-09-01,"Montréal","QC",204,"Post-COVID"
"508",2023-10-01,"Montréal","QC",201.6,"Post-COVID"
"509",2023-11-01,"Montréal","QC",198.3,"Post-COVID"
"510",2023-12-01,"Montréal","QC",189.9,"Post-COVID"
"511",2024-01-01,"Montréal","QC",184.7,"Post-COVID"
"512",2024-02-01,"Montréal","QC",188.7,"Post-COVID"
"513",2024-03-01,"Montréal","QC",186.5,"Post-COVID"
"514",2024-04-01,"Montréal","QC",185.1,"Post-COVID"
"515",2024-05-01,"Montréal","QC",178.6,"Post-COVID"
"516",2024-06-01,"Montréal","QC",178.1,"Post-COVID"
"517",2024-07-01,"Montréal","QC",178.8,"Post-COVID"
"518",2024-08-01,"Montréal","QC",173.5,"Post-COVID"
"519",2024-09-01,"Montréal","QC",167.6,"Post-COVID"
"520",2024-10-01,"Montréal","QC",170.4,"Post-COVID"
"521",2024-11-01,"Montréal","QC",175.5,"Post-COVID"
"522",2024-12-01,"Montréal","QC",176.6,"Post-COVID"
"523",2017-10-01,"Ottawa-Gatineau","ON",107.5,"Pre-COVID"
"524",2017-11-01,"Ottawa-Gatineau","ON",116.6,"Pre-COVID"
"525",2017-12-01,"Ottawa-Gatineau","ON",121,"Pre-COVID"
"526",2018-01-01,"Ottawa-Gatineau","ON",124.5,"Pre-COVID"
"527",2018-02-01,"Ottawa-Gatineau","ON",123.9,"Pre-COVID"
"528",2018-03-01,"Ottawa-Gatineau","ON",122.6,"Pre-COVID"
"529",2018-04-01,"Ottawa-Gatineau","ON",123.6,"Pre-COVID"
"530",2018-05-01,"Ottawa-Gatineau","ON",128.6,"Pre-COVID"
"531",2018-06-01,"Ottawa-Gatineau","ON",130.5,"Pre-COVID"
"532",2018-07-01,"Ottawa-Gatineau","ON",129.9,"Pre-COVID"
"533",2018-08-01,"Ottawa-Gatineau","ON",128.9,"Pre-COVID"
"534",2018-09-01,"Ottawa-Gatineau","ON",127.4,"Pre-COVID"
"535",2018-10-01,"Ottawa-Gatineau","ON",129,"Pre-COVID"
"536",2018-11-01,"Ottawa-Gatineau","ON",127.5,"Pre-COVID"
"537",2018-12-01,"Ottawa-Gatineau","ON",119.3,"Pre-COVID"
"538",2019-01-01,"Ottawa-Gatineau","ON",114.4,"Pre-COVID"
"539",2019-02-01,"Ottawa-Gatineau","ON",112.4,"Pre-COVID"
"540",2019-03-01,"Ottawa-Gatineau","ON",118.2,"Pre-COVID"
"541",2019-04-01,"Ottawa-Gatineau","ON",123.5,"Pre-COVID"
"542",2019-05-01,"Ottawa-Gatineau","ON",123.6,"Pre-COVID"
"543",2019-06-01,"Ottawa-Gatineau","ON",119.2,"Pre-COVID"
"544",2019-07-01,"Ottawa-Gatineau","ON",116.8,"Pre-COVID"
"545",2019-08-01,"Ottawa-Gatineau","ON",115.9,"Pre-COVID"
"546",2019-09-01,"Ottawa-Gatineau","ON",119.1,"Pre-COVID"
"547",2019-10-01,"Ottawa-Gatineau","ON",122.7,"Pre-COVID"
"548",2019-11-01,"Ottawa-Gatineau","ON",126.2,"Pre-COVID"
"549",2019-12-01,"Ottawa-Gatineau","ON",127,"Pre-COVID"
"550",2020-01-01,"Ottawa-Gatineau","ON",125.7,"Pre-COVID"
"551",2020-02-01,"Ottawa-Gatineau","ON",117.2,"Pre-COVID"
"552",2020-03-01,"Ottawa-Gatineau","ON",105.1,"COVID"
"553",2020-04-01,"Ottawa-Gatineau","ON",96.3,"COVID"
"554",2020-05-01,"Ottawa-Gatineau","ON",85,"COVID"
"555",2020-06-01,"Ottawa-Gatineau","ON",91.4,"COVID"
"556",2020-07-01,"Ottawa-Gatineau","ON",97.6,"COVID"
"557",2020-08-01,"Ottawa-Gatineau","ON",99.4,"COVID"
"558",2020-09-01,"Ottawa-Gatineau","ON",96.7,"COVID"
"559",2020-10-01,"Ottawa-Gatineau","ON",97.2,"COVID"
"560",2020-11-01,"Ottawa-Gatineau","ON",99.6,"COVID"
"561",2020-12-01,"Ottawa-Gatineau","ON",104.2,"COVID"
"562",2021-01-01,"Ottawa-Gatineau","ON",111.5,"COVID"
"563",2021-02-01,"Ottawa-Gatineau","ON",113.8,"COVID"
"564",2021-03-01,"Ottawa-Gatineau","ON",116.4,"COVID"
"565",2021-04-01,"Ottawa-Gatineau","ON",118.5,"COVID"
"566",2021-05-01,"Ottawa-Gatineau","ON",121,"COVID"
"567",2021-06-01,"Ottawa-Gatineau","ON",123.8,"COVID"
"568",2021-07-01,"Ottawa-Gatineau","ON",127.2,"COVID"
"569",2021-08-01,"Ottawa-Gatineau","ON",126.8,"COVID"
"570",2021-09-01,"Ottawa-Gatineau","ON",130.2,"COVID"
"571",2021-10-01,"Ottawa-Gatineau","ON",140.6,"COVID"
"572",2021-11-01,"Ottawa-Gatineau","ON",143,"COVID"
"573",2021-12-01,"Ottawa-Gatineau","ON",140.6,"COVID"
"574",2022-01-01,"Ottawa-Gatineau","ON",147.7,"COVID"
"575",2022-02-01,"Ottawa-Gatineau","ON",158.8,"COVID"
"576",2022-03-01,"Ottawa-Gatineau","ON",190.8,"COVID"
"577",2022-04-01,"Ottawa-Gatineau","ON",199.1,"COVID"
"578",2022-05-01,"Ottawa-Gatineau","ON",228.3,"COVID"
"579",2022-06-01,"Ottawa-Gatineau","ON",228.1,"COVID"
"580",2022-07-01,"Ottawa-Gatineau","ON",199.3,"COVID"
"581",2022-08-01,"Ottawa-Gatineau","ON",186.9,"Post-COVID"
"582",2022-09-01,"Ottawa-Gatineau","ON",188.7,"Post-COVID"
"583",2022-10-01,"Ottawa-Gatineau","ON",220.8,"Post-COVID"
"584",2022-11-01,"Ottawa-Gatineau","ON",225.2,"Post-COVID"
"585",2022-12-01,"Ottawa-Gatineau","ON",214.2,"Post-COVID"
"586",2023-01-01,"Ottawa-Gatineau","ON",201.1,"Post-COVID"
"587",2023-02-01,"Ottawa-Gatineau","ON",172.9,"Post-COVID"
"588",2023-03-01,"Ottawa-Gatineau","ON",169.2,"Post-COVID"
"589",2023-04-01,"Ottawa-Gatineau","ON",163.5,"Post-COVID"
"590",2023-05-01,"Ottawa-Gatineau","ON",150.4,"Post-COVID"
"591",2023-06-01,"Ottawa-Gatineau","ON",148.4,"Post-COVID"
"592",2023-07-01,"Ottawa-Gatineau","ON",156.3,"Post-COVID"
"593",2023-08-01,"Ottawa-Gatineau","ON",178.7,"Post-COVID"
"594",2023-09-01,"Ottawa-Gatineau","ON",186.9,"Post-COVID"
"595",2023-10-01,"Ottawa-Gatineau","ON",180.9,"Post-COVID"
"596",2023-11-01,"Ottawa-Gatineau","ON",185.3,"Post-COVID"
"597",2023-12-01,"Ottawa-Gatineau","ON",170.5,"Post-COVID"
"598",2024-01-01,"Ottawa-Gatineau","ON",161.8,"Post-COVID"
"599",2024-02-01,"Ottawa-Gatineau","ON",169.1,"Post-COVID"
"600",2024-03-01,"Ottawa-Gatineau","ON",165.8,"Post-COVID"
"601",2024-04-01,"Ottawa-Gatineau","ON",170.6,"Post-COVID"
"602",2024-05-01,"Ottawa-Gatineau","ON",163.7,"Post-COVID"
"603",2024-06-01,"Ottawa-Gatineau","ON",162.7,"Post-COVID"
"604",2024-07-01,"Ottawa-Gatineau","ON",165.5,"Post-COVID"
"605",2024-08-01,"Ottawa-Gatineau","ON",158.3,"Post-COVID"
"606",2024-09-01,"Ottawa-Gatineau","ON",152.1,"Post-COVID"
"607",2024-10-01,"Ottawa-Gatineau","ON",156.2,"Post-COVID"
"608",2024-11-01,"Ottawa-Gatineau","ON",163.1,"Post-COVID"
"609",2024-12-01,"Ottawa-Gatineau","ON",165,"Post-COVID"
"610",2017-10-01,"Toronto","ON",107.2,"Pre-COVID"
"611",2017-11-01,"Toronto","ON",115.8,"Pre-COVID"
"612",2017-12-01,"Toronto","ON",119.6,"Pre-COVID"
"613",2018-01-01,"Toronto","ON",123.2,"Pre-COVID"
"614",2018-02-01,"Toronto","ON",123.4,"Pre-COVID"
"615",2018-03-01,"Toronto","ON",122.2,"Pre-COVID"
"616",2018-04-01,"Toronto","ON",123.4,"Pre-COVID"
"617",2018-05-01,"Toronto","ON",128.2,"Pre-COVID"
"618",2018-06-01,"Toronto","ON",129.9,"Pre-COVID"
"619",2018-07-01,"Toronto","ON",129.3,"Pre-COVID"
"620",2018-08-01,"Toronto","ON",127.5,"Pre-COVID"
"621",2018-09-01,"Toronto","ON",126.5,"Pre-COVID"
"622",2018-10-01,"Toronto","ON",128,"Pre-COVID"
"623",2018-11-01,"Toronto","ON",125.5,"Pre-COVID"
"624",2018-12-01,"Toronto","ON",116.4,"Pre-COVID"
"625",2019-01-01,"Toronto","ON",110.9,"Pre-COVID"
"626",2019-02-01,"Toronto","ON",108.9,"Pre-COVID"
"627",2019-03-01,"Toronto","ON",116,"Pre-COVID"
"628",2019-04-01,"Toronto","ON",121.5,"Pre-COVID"
"629",2019-05-01,"Toronto","ON",122.4,"Pre-COVID"
"630",2019-06-01,"Toronto","ON",116.6,"Pre-COVID"
"631",2019-07-01,"Toronto","ON",114.4,"Pre-COVID"
"632",2019-08-01,"Toronto","ON",114.1,"Pre-COVID"
"633",2019-09-01,"Toronto","ON",117.3,"Pre-COVID"
"634",2019-10-01,"Toronto","ON",120.3,"Pre-COVID"
"635",2019-11-01,"Toronto","ON",123.6,"Pre-COVID"
"636",2019-12-01,"Toronto","ON",125.9,"Pre-COVID"
"637",2020-01-01,"Toronto","ON",124.9,"Pre-COVID"
"638",2020-02-01,"Toronto","ON",115.9,"Pre-COVID"
"639",2020-03-01,"Toronto","ON",103.4,"COVID"
"640",2020-04-01,"Toronto","ON",93.2,"COVID"
"641",2020-05-01,"Toronto","ON",83.6,"COVID"
"642",2020-06-01,"Toronto","ON",91.2,"COVID"
"643",2020-07-01,"Toronto","ON",97.9,"COVID"
"644",2020-08-01,"Toronto","ON",98.2,"COVID"
"645",2020-09-01,"Toronto","ON",95.1,"COVID"
"646",2020-10-01,"Toronto","ON",95.2,"COVID"
"647",2020-11-01,"Toronto","ON",98.3,"COVID"
"648",2020-12-01,"Toronto","ON",104.4,"COVID"
"649",2021-01-01,"Toronto","ON",109.1,"COVID"
"650",2021-02-01,"Toronto","ON",114.2,"COVID"
"651",2021-03-01,"Toronto","ON",118.4,"COVID"
"652",2021-04-01,"Toronto","ON",120.1,"COVID"
"653",2021-05-01,"Toronto","ON",122.5,"COVID"
"654",2021-06-01,"Toronto","ON",125.6,"COVID"
"655",2021-07-01,"Toronto","ON",127.3,"COVID"
"656",2021-08-01,"Toronto","ON",127.3,"COVID"
"657",2021-09-01,"Toronto","ON",130.6,"COVID"
"658",2021-10-01,"Toronto","ON",141.3,"COVID"
"659",2021-11-01,"Toronto","ON",142.8,"COVID"
"660",2021-12-01,"Toronto","ON",140.8,"COVID"
"661",2022-01-01,"Toronto","ON",149.4,"COVID"
"662",2022-02-01,"Toronto","ON",159.7,"COVID"
"663",2022-03-01,"Toronto","ON",190.1,"COVID"
"664",2022-04-01,"Toronto","ON",198,"COVID"
"665",2022-05-01,"Toronto","ON",225.9,"COVID"
"666",2022-06-01,"Toronto","ON",220.3,"COVID"
"667",2022-07-01,"Toronto","ON",193.1,"COVID"
"668",2022-08-01,"Toronto","ON",182.1,"Post-COVID"
"669",2022-09-01,"Toronto","ON",184.2,"Post-COVID"
"670",2022-10-01,"Toronto","ON",216.4,"Post-COVID"
"671",2022-11-01,"Toronto","ON",217.3,"Post-COVID"
"672",2022-12-01,"Toronto","ON",207.7,"Post-COVID"
"673",2023-01-01,"Toronto","ON",194.5,"Post-COVID"
"674",2023-02-01,"Toronto","ON",167.1,"Post-COVID"
"675",2023-03-01,"Toronto","ON",162.9,"Post-COVID"
"676",2023-04-01,"Toronto","ON",158.2,"Post-COVID"
"677",2023-05-01,"Toronto","ON",148.3,"Post-COVID"
"678",2023-06-01,"Toronto","ON",146.9,"Post-COVID"
"679",2023-07-01,"Toronto","ON",154.8,"Post-COVID"
"680",2023-08-01,"Toronto","ON",176.6,"Post-COVID"
"681",2023-09-01,"Toronto","ON",183.3,"Post-COVID"
"682",2023-10-01,"Toronto","ON",176.6,"Post-COVID"
"683",2023-11-01,"Toronto","ON",179.9,"Post-COVID"
"684",2023-12-01,"Toronto","ON",166,"Post-COVID"
"685",2024-01-01,"Toronto","ON",157.9,"Post-COVID"
"686",2024-02-01,"Toronto","ON",162.7,"Post-COVID"
"687",2024-03-01,"Toronto","ON",159.6,"Post-COVID"
"688",2024-04-01,"Toronto","ON",164.5,"Post-COVID"
"689",2024-05-01,"Toronto","ON",158.9,"Post-COVID"
"690",2024-06-01,"Toronto","ON",158.2,"Post-COVID"
"691",2024-07-01,"Toronto","ON",160.2,"Post-COVID"
"692",2024-08-01,"Toronto","ON",153.6,"Post-COVID"
"693",2024-09-01,"Toronto","ON",147.3,"Post-COVID"
"694",2024-10-01,"Toronto","ON",151.6,"Post-COVID"
"695",2024-11-01,"Toronto","ON",158.2,"Post-COVID"
"696",2024-12-01,"Toronto","ON",159.7,"Post-COVID"
"697",2017-10-01,"Winnipeg","MB",105.3,"Pre-COVID"
"698",2017-11-01,"Winnipeg","MB",115.7,"Pre-COVID"
"699",2017-12-01,"Winnipeg","MB",117.3,"Pre-COVID"
"700",2018-01-01,"Winnipeg","MB",119.6,"Pre-COVID"
"701",2018-02-01,"Winnipeg","MB",120.4,"Pre-COVID"
"702",2018-03-01,"Winnipeg","MB",119.9,"Pre-COVID"
"703",2018-04-01,"Winnipeg","MB",119.6,"Pre-COVID"
"704",2018-05-01,"Winnipeg","MB",121.1,"Pre-COVID"
"705",2018-06-01,"Winnipeg","MB",122,"Pre-COVID"
"706",2018-07-01,"Winnipeg","MB",121.2,"Pre-COVID"
"707",2018-08-01,"Winnipeg","MB",120.6,"Pre-COVID"
"708",2018-09-01,"Winnipeg","MB",120.9,"Pre-COVID"
"709",2018-10-01,"Winnipeg","MB",123.3,"Pre-COVID"
"710",2018-11-01,"Winnipeg","MB",125,"Pre-COVID"
"711",2018-12-01,"Winnipeg","MB",121.1,"Pre-COVID"
"712",2019-01-01,"Winnipeg","MB",111.6,"Pre-COVID"
"713",2019-02-01,"Winnipeg","MB",112.6,"Pre-COVID"
"714",2019-03-01,"Winnipeg","MB",117.1,"Pre-COVID"
"715",2019-04-01,"Winnipeg","MB",124.9,"Pre-COVID"
"716",2019-05-01,"Winnipeg","MB",125.9,"Pre-COVID"
"717",2019-06-01,"Winnipeg","MB",122,"Pre-COVID"
"718",2019-07-01,"Winnipeg","MB",118.8,"Pre-COVID"
"719",2019-08-01,"Winnipeg","MB",116.6,"Pre-COVID"
"720",2019-09-01,"Winnipeg","MB",115.9,"Pre-COVID"
"721",2019-10-01,"Winnipeg","MB",121.3,"Pre-COVID"
"722",2019-11-01,"Winnipeg","MB",125.8,"Pre-COVID"
"723",2019-12-01,"Winnipeg","MB",127.1,"Pre-COVID"
"724",2020-01-01,"Winnipeg","MB",126.7,"Pre-COVID"
"725",2020-02-01,"Winnipeg","MB",124.1,"Pre-COVID"
"726",2020-03-01,"Winnipeg","MB",112.2,"COVID"
"727",2020-04-01,"Winnipeg","MB",100.2,"COVID"
"728",2020-05-01,"Winnipeg","MB",94.2,"COVID"
"729",2020-06-01,"Winnipeg","MB",93.8,"COVID"
"730",2020-07-01,"Winnipeg","MB",98,"COVID"
"731",2020-08-01,"Winnipeg","MB",98.1,"COVID"
"732",2020-09-01,"Winnipeg","MB",97.9,"COVID"
"733",2020-10-01,"Winnipeg","MB",99.2,"COVID"
"734",2020-11-01,"Winnipeg","MB",101,"COVID"
"735",2020-12-01,"Winnipeg","MB",104.1,"COVID"
"736",2021-01-01,"Winnipeg","MB",107.5,"COVID"
"737",2021-02-01,"Winnipeg","MB",112.4,"COVID"
"738",2021-03-01,"Winnipeg","MB",120.3,"COVID"
"739",2021-04-01,"Winnipeg","MB",124.3,"COVID"
"740",2021-05-01,"Winnipeg","MB",127.6,"COVID"
"741",2021-06-01,"Winnipeg","MB",128.8,"COVID"
"742",2021-07-01,"Winnipeg","MB",128.5,"COVID"
"743",2021-08-01,"Winnipeg","MB",128.8,"COVID"
"744",2021-09-01,"Winnipeg","MB",129.2,"COVID"
"745",2021-10-01,"Winnipeg","MB",137.3,"COVID"
"746",2021-11-01,"Winnipeg","MB",139.3,"COVID"
"747",2021-12-01,"Winnipeg","MB",139,"COVID"
"748",2022-01-01,"Winnipeg","MB",143.4,"COVID"
"749",2022-02-01,"Winnipeg","MB",154.2,"COVID"
"750",2022-03-01,"Winnipeg","MB",185.7,"COVID"
"751",2022-04-01,"Winnipeg","MB",191.9,"COVID"
"752",2022-05-01,"Winnipeg","MB",205,"COVID"
"753",2022-06-01,"Winnipeg","MB",214.7,"COVID"
"754",2022-07-01,"Winnipeg","MB",208,"COVID"
"755",2022-08-01,"Winnipeg","MB",190,"Post-COVID"
"756",2022-09-01,"Winnipeg","MB",194.3,"Post-COVID"
"757",2022-10-01,"Winnipeg","MB",204.9,"Post-COVID"
"758",2022-11-01,"Winnipeg","MB",211,"Post-COVID"
"759",2022-12-01,"Winnipeg","MB",202.2,"Post-COVID"
"760",2023-01-01,"Winnipeg","MB",192.8,"Post-COVID"
"761",2023-02-01,"Winnipeg","MB",178.2,"Post-COVID"
"762",2023-03-01,"Winnipeg","MB",166.7,"Post-COVID"
"763",2023-04-01,"Winnipeg","MB",165.2,"Post-COVID"
"764",2023-05-01,"Winnipeg","MB",162,"Post-COVID"
"765",2023-06-01,"Winnipeg","MB",157.7,"Post-COVID"
"766",2023-07-01,"Winnipeg","MB",156,"Post-COVID"
"767",2023-08-01,"Winnipeg","MB",173.8,"Post-COVID"
"768",2023-09-01,"Winnipeg","MB",180.2,"Post-COVID"
"769",2023-10-01,"Winnipeg","MB",182.1,"Post-COVID"
"770",2023-11-01,"Winnipeg","MB",185.2,"Post-COVID"
"771",2023-12-01,"Winnipeg","MB",176.2,"Post-COVID"
"772",2024-01-01,"Winnipeg","MB",153.8,"Post-COVID"
"773",2024-02-01,"Winnipeg","MB",157.7,"Post-COVID"
"774",2024-03-01,"Winnipeg","MB",157.8,"Post-COVID"
"775",2024-04-01,"Winnipeg","MB",162.6,"Post-COVID"
"776",2024-05-01,"Winnipeg","MB",157.4,"Post-COVID"
"777",2024-06-01,"Winnipeg","MB",156.4,"Post-COVID"
"778",2024-07-01,"Winnipeg","MB",161.6,"Post-COVID"
"779",2024-08-01,"Winnipeg","MB",161.1,"Post-COVID"
"780",2024-09-01,"Winnipeg","MB",154.7,"Post-COVID"
"781",2024-10-01,"Winnipeg","MB",154.8,"Post-COVID"
"782",2024-11-01,"Winnipeg","MB",154.5,"Post-COVID"
"783",2024-12-01,"Winnipeg","MB",154.3,"Post-COVID"
"784",2017-10-01,"Regina","SK",104.7,"Pre-COVID"
"785",2017-11-01,"Regina","SK",114.8,"Pre-COVID"
"786",2017-12-01,"Regina","SK",114.4,"Pre-COVID"
"787",2018-01-01,"Regina","SK",117.3,"Pre-COVID"
"788",2018-02-01,"Regina","SK",118,"Pre-COVID"
"789",2018-03-01,"Regina","SK",116.4,"Pre-COVID"
"790",2018-04-01,"Regina","SK",115.1,"Pre-COVID"
"791",2018-05-01,"Regina","SK",118.6,"Pre-COVID"
"792",2018-06-01,"Regina","SK",121.9,"Pre-COVID"
"793",2018-07-01,"Regina","SK",120.8,"Pre-COVID"
"794",2018-08-01,"Regina","SK",119.9,"Pre-COVID"
"795",2018-09-01,"Regina","SK",120.8,"Pre-COVID"
"796",2018-10-01,"Regina","SK",123.8,"Pre-COVID"
"797",2018-11-01,"Regina","SK",125,"Pre-COVID"
"798",2018-12-01,"Regina","SK",116.8,"Pre-COVID"
"799",2019-01-01,"Regina","SK",104.7,"Pre-COVID"
"800",2019-02-01,"Regina","SK",111.1,"Pre-COVID"
"801",2019-03-01,"Regina","SK",115.9,"Pre-COVID"
"802",2019-04-01,"Regina","SK",123.9,"Pre-COVID"
"803",2019-05-01,"Regina","SK",124.8,"Pre-COVID"
"804",2019-06-01,"Regina","SK",118.2,"Pre-COVID"
"805",2019-07-01,"Regina","SK",113.4,"Pre-COVID"
"806",2019-08-01,"Regina","SK",112.5,"Pre-COVID"
"807",2019-09-01,"Regina","SK",113.1,"Pre-COVID"
"808",2019-10-01,"Regina","SK",121.4,"Pre-COVID"
"809",2019-11-01,"Regina","SK",125.5,"Pre-COVID"
"810",2019-12-01,"Regina","SK",128,"Pre-COVID"
"811",2020-01-01,"Regina","SK",126.4,"Pre-COVID"
"812",2020-02-01,"Regina","SK",119.2,"Pre-COVID"
"813",2020-03-01,"Regina","SK",103.9,"COVID"
"814",2020-04-01,"Regina","SK",91.4,"COVID"
"815",2020-05-01,"Regina","SK",87.4,"COVID"
"816",2020-06-01,"Regina","SK",89.4,"COVID"
"817",2020-07-01,"Regina","SK",94,"COVID"
"818",2020-08-01,"Regina","SK",94.8,"COVID"
"819",2020-09-01,"Regina","SK",94.1,"COVID"
"820",2020-10-01,"Regina","SK",96.2,"COVID"
"821",2020-11-01,"Regina","SK",99.8,"COVID"
"822",2020-12-01,"Regina","SK",104,"COVID"
"823",2021-01-01,"Regina","SK",107.7,"COVID"
"824",2021-02-01,"Regina","SK",111.9,"COVID"
"825",2021-03-01,"Regina","SK",119.5,"COVID"
"826",2021-04-01,"Regina","SK",122.5,"COVID"
"827",2021-05-01,"Regina","SK",125.4,"COVID"
"828",2021-06-01,"Regina","SK",125.2,"COVID"
"829",2021-07-01,"Regina","SK",125.1,"COVID"
"830",2021-08-01,"Regina","SK",125.1,"COVID"
"831",2021-09-01,"Regina","SK",125.3,"COVID"
"832",2021-10-01,"Regina","SK",139.7,"COVID"
"833",2021-11-01,"Regina","SK",138.7,"COVID"
"834",2021-12-01,"Regina","SK",138,"COVID"
"835",2022-01-01,"Regina","SK",141.2,"COVID"
"836",2022-02-01,"Regina","SK",150.1,"COVID"
"837",2022-03-01,"Regina","SK",179.1,"COVID"
"838",2022-04-01,"Regina","SK",185.4,"COVID"
"839",2022-05-01,"Regina","SK",201.2,"COVID"
"840",2022-06-01,"Regina","SK",211.8,"COVID"
"841",2022-07-01,"Regina","SK",197.1,"COVID"
"842",2022-08-01,"Regina","SK",184.5,"Post-COVID"
"843",2022-09-01,"Regina","SK",188.8,"Post-COVID"
"844",2022-10-01,"Regina","SK",199.3,"Post-COVID"
"845",2022-11-01,"Regina","SK",203.9,"Post-COVID"
"846",2022-12-01,"Regina","SK",192,"Post-COVID"
"847",2023-01-01,"Regina","SK",180.2,"Post-COVID"
"848",2023-02-01,"Regina","SK",167.5,"Post-COVID"
"849",2023-03-01,"Regina","SK",159.2,"Post-COVID"
"850",2023-04-01,"Regina","SK",160,"Post-COVID"
"851",2023-05-01,"Regina","SK",150.6,"Post-COVID"
"852",2023-06-01,"Regina","SK",147.3,"Post-COVID"
"853",2023-07-01,"Regina","SK",145.3,"Post-COVID"
"854",2023-08-01,"Regina","SK",170.6,"Post-COVID"
"855",2023-09-01,"Regina","SK",177.7,"Post-COVID"
"856",2023-10-01,"Regina","SK",179.7,"Post-COVID"
"857",2023-11-01,"Regina","SK",182.1,"Post-COVID"
"858",2023-12-01,"Regina","SK",165.2,"Post-COVID"
"859",2024-01-01,"Regina","SK",157.4,"Post-COVID"
"860",2024-02-01,"Regina","SK",164.9,"Post-COVID"
"861",2024-03-01,"Regina","SK",163.8,"Post-COVID"
"862",2024-04-01,"Regina","SK",169.4,"Post-COVID"
"863",2024-05-01,"Regina","SK",164.9,"Post-COVID"
"864",2024-06-01,"Regina","SK",164.1,"Post-COVID"
"865",2024-07-01,"Regina","SK",169.2,"Post-COVID"
"866",2024-08-01,"Regina","SK",167.7,"Post-COVID"
"867",2024-09-01,"Regina","SK",158.9,"Post-COVID"
"868",2024-10-01,"Regina","SK",160.2,"Post-COVID"
"869",2024-11-01,"Regina","SK",160.7,"Post-COVID"
"870",2024-12-01,"Regina","SK",159.6,"Post-COVID"
"871",2017-10-01,"Saskatoon","SK",104.6,"Pre-COVID"
"872",2017-11-01,"Saskatoon","SK",114.1,"Pre-COVID"
"873",2017-12-01,"Saskatoon","SK",115,"Pre-COVID"
"874",2018-01-01,"Saskatoon","SK",118.3,"Pre-COVID"
"875",2018-02-01,"Saskatoon","SK",119.3,"Pre-COVID"
"876",2018-03-01,"Saskatoon","SK",117.8,"Pre-COVID"
"877",2018-04-01,"Saskatoon","SK",117.3,"Pre-COVID"
"878",2018-05-01,"Saskatoon","SK",119.7,"Pre-COVID"
"879",2018-06-01,"Saskatoon","SK",122.1,"Pre-COVID"
"880",2018-07-01,"Saskatoon","SK",121,"Pre-COVID"
"881",2018-08-01,"Saskatoon","SK",120.7,"Pre-COVID"
"882",2018-09-01,"Saskatoon","SK",121.8,"Pre-COVID"
"883",2018-10-01,"Saskatoon","SK",123.1,"Pre-COVID"
"884",2018-11-01,"Saskatoon","SK",123.5,"Pre-COVID"
"885",2018-12-01,"Saskatoon","SK",120.6,"Pre-COVID"
"886",2019-01-01,"Saskatoon","SK",115.6,"Pre-COVID"
"887",2019-02-01,"Saskatoon","SK",115.4,"Pre-COVID"
"888",2019-03-01,"Saskatoon","SK",118.6,"Pre-COVID"
"889",2019-04-01,"Saskatoon","SK",124.8,"Pre-COVID"
"890",2019-05-01,"Saskatoon","SK",126.7,"Pre-COVID"
"891",2019-06-01,"Saskatoon","SK",123.6,"Pre-COVID"
"892",2019-07-01,"Saskatoon","SK",122.6,"Pre-COVID"
"893",2019-08-01,"Saskatoon","SK",120.7,"Pre-COVID"
"894",2019-09-01,"Saskatoon","SK",119.9,"Pre-COVID"
"895",2019-10-01,"Saskatoon","SK",123.6,"Pre-COVID"
"896",2019-11-01,"Saskatoon","SK",126,"Pre-COVID"
"897",2019-12-01,"Saskatoon","SK",127.1,"Pre-COVID"
"898",2020-01-01,"Saskatoon","SK",126.9,"Pre-COVID"
"899",2020-02-01,"Saskatoon","SK",123.4,"Pre-COVID"
"900",2020-03-01,"Saskatoon","SK",108.6,"COVID"
"901",2020-04-01,"Saskatoon","SK",97.3,"COVID"
"902",2020-05-01,"Saskatoon","SK",92.1,"COVID"
"903",2020-06-01,"Saskatoon","SK",93,"COVID"
"904",2020-07-01,"Saskatoon","SK",96.9,"COVID"
"905",2020-08-01,"Saskatoon","SK",97.3,"COVID"
"906",2020-09-01,"Saskatoon","SK",97,"COVID"
"907",2020-10-01,"Saskatoon","SK",97.9,"COVID"
"908",2020-11-01,"Saskatoon","SK",99.2,"COVID"
"909",2020-12-01,"Saskatoon","SK",103.9,"COVID"
"910",2021-01-01,"Saskatoon","SK",106.8,"COVID"
"911",2021-02-01,"Saskatoon","SK",110.7,"COVID"
"912",2021-03-01,"Saskatoon","SK",119.2,"COVID"
"913",2021-04-01,"Saskatoon","SK",122.9,"COVID"
"914",2021-05-01,"Saskatoon","SK",124.6,"COVID"
"915",2021-06-01,"Saskatoon","SK",124.8,"COVID"
"916",2021-07-01,"Saskatoon","SK",124.9,"COVID"
"917",2021-08-01,"Saskatoon","SK",125.1,"COVID"
"918",2021-09-01,"Saskatoon","SK",126.6,"COVID"
"919",2021-10-01,"Saskatoon","SK",135.6,"COVID"
"920",2021-11-01,"Saskatoon","SK",138.6,"COVID"
"921",2021-12-01,"Saskatoon","SK",138.4,"COVID"
"922",2022-01-01,"Saskatoon","SK",141.3,"COVID"
"923",2022-02-01,"Saskatoon","SK",148.3,"COVID"
"924",2022-03-01,"Saskatoon","SK",177.7,"COVID"
"925",2022-04-01,"Saskatoon","SK",185,"COVID"
"926",2022-05-01,"Saskatoon","SK",201.7,"COVID"
"927",2022-06-01,"Saskatoon","SK",209.7,"COVID"
"928",2022-07-01,"Saskatoon","SK",205.4,"COVID"
"929",2022-08-01,"Saskatoon","SK",190.3,"Post-COVID"
"930",2022-09-01,"Saskatoon","SK",191.6,"Post-COVID"
"931",2022-10-01,"Saskatoon","SK",202.7,"Post-COVID"
"932",2022-11-01,"Saskatoon","SK",207.6,"Post-COVID"
"933",2022-12-01,"Saskatoon","SK",198.9,"Post-COVID"
"934",2023-01-01,"Saskatoon","SK",191.7,"Post-COVID"
"935",2023-02-01,"Saskatoon","SK",180,"Post-COVID"
"936",2023-03-01,"Saskatoon","SK",170.8,"Post-COVID"
"937",2023-04-01,"Saskatoon","SK",166.3,"Post-COVID"
"938",2023-05-01,"Saskatoon","SK",156.2,"Post-COVID"
"939",2023-06-01,"Saskatoon","SK",152,"Post-COVID"
"940",2023-07-01,"Saskatoon","SK",150.9,"Post-COVID"
"941",2023-08-01,"Saskatoon","SK",169,"Post-COVID"
"942",2023-09-01,"Saskatoon","SK",176.5,"Post-COVID"
"943",2023-10-01,"Saskatoon","SK",178.7,"Post-COVID"
"944",2023-11-01,"Saskatoon","SK",180.1,"Post-COVID"
"945",2023-12-01,"Saskatoon","SK",172.2,"Post-COVID"
"946",2024-01-01,"Saskatoon","SK",162.1,"Post-COVID"
"947",2024-02-01,"Saskatoon","SK",166.4,"Post-COVID"
"948",2024-03-01,"Saskatoon","SK",167,"Post-COVID"
"949",2024-04-01,"Saskatoon","SK",170.7,"Post-COVID"
"950",2024-05-01,"Saskatoon","SK",165.5,"Post-COVID"
"951",2024-06-01,"Saskatoon","SK",166.4,"Post-COVID"
"952",2024-07-01,"Saskatoon","SK",170.6,"Post-COVID"
"953",2024-08-01,"Saskatoon","SK",169.9,"Post-COVID"
"954",2024-09-01,"Saskatoon","SK",164.4,"Post-COVID"
"955",2024-10-01,"Saskatoon","SK",166,"Post-COVID"
"956",2024-11-01,"Saskatoon","SK",166.5,"Post-COVID"
"957",2024-12-01,"Saskatoon","SK",164.6,"Post-COVID"
"958",2017-10-01,"Edmonton","AB",107.8,"Pre-COVID"
"959",2017-11-01,"Edmonton","AB",116.5,"Pre-COVID"
"960",2017-12-01,"Edmonton","AB",116.8,"Pre-COVID"
"961",2018-01-01,"Edmonton","AB",121.8,"Pre-COVID"
"962",2018-02-01,"Edmonton","AB",122.5,"Pre-COVID"
"963",2018-03-01,"Edmonton","AB",121.2,"Pre-COVID"
"964",2018-04-01,"Edmonton","AB",120.5,"Pre-COVID"
"965",2018-05-01,"Edmonton","AB",124.8,"Pre-COVID"
"966",2018-06-01,"Edmonton","AB",127.3,"Pre-COVID"
"967",2018-07-01,"Edmonton","AB",125,"Pre-COVID"
"968",2018-08-01,"Edmonton","AB",124.9,"Pre-COVID"
"969",2018-09-01,"Edmonton","AB",124.4,"Pre-COVID"
"970",2018-10-01,"Edmonton","AB",128.6,"Pre-COVID"
"971",2018-11-01,"Edmonton","AB",128.5,"Pre-COVID"
"972",2018-12-01,"Edmonton","AB",120.6,"Pre-COVID"
"973",2019-01-01,"Edmonton","AB",112.7,"Pre-COVID"
"974",2019-02-01,"Edmonton","AB",116.7,"Pre-COVID"
"975",2019-03-01,"Edmonton","AB",122.4,"Pre-COVID"
"976",2019-04-01,"Edmonton","AB",124,"Pre-COVID"
"977",2019-05-01,"Edmonton","AB",124.6,"Pre-COVID"
"978",2019-06-01,"Edmonton","AB",113.1,"Pre-COVID"
"979",2019-07-01,"Edmonton","AB",107.7,"Pre-COVID"
"980",2019-08-01,"Edmonton","AB",106.3,"Pre-COVID"
"981",2019-09-01,"Edmonton","AB",106,"Pre-COVID"
"982",2019-10-01,"Edmonton","AB",112.7,"Pre-COVID"
"983",2019-11-01,"Edmonton","AB",116.2,"Pre-COVID"
"984",2019-12-01,"Edmonton","AB",118,"Pre-COVID"
"985",2020-01-01,"Edmonton","AB",120,"Pre-COVID"
"986",2020-02-01,"Edmonton","AB",113.7,"Pre-COVID"
"987",2020-03-01,"Edmonton","AB",102.4,"COVID"
"988",2020-04-01,"Edmonton","AB",92.4,"COVID"
"989",2020-05-01,"Edmonton","AB",85.9,"COVID"
"990",2020-06-01,"Edmonton","AB",87,"COVID"
"991",2020-07-01,"Edmonton","AB",91.9,"COVID"
"992",2020-08-01,"Edmonton","AB",93.2,"COVID"
"993",2020-09-01,"Edmonton","AB",92.2,"COVID"
"994",2020-10-01,"Edmonton","AB",94,"COVID"
"995",2020-11-01,"Edmonton","AB",96.7,"COVID"
"996",2020-12-01,"Edmonton","AB",101.1,"COVID"
"997",2021-01-01,"Edmonton","AB",104.6,"COVID"
"998",2021-02-01,"Edmonton","AB",109.4,"COVID"
"999",2021-03-01,"Edmonton","AB",116.3,"COVID"
"1000",2021-04-01,"Edmonton","AB",119.8,"COVID"
"1001",2021-05-01,"Edmonton","AB",122.1,"COVID"
"1002",2021-06-01,"Edmonton","AB",123.2,"COVID"
"1003",2021-07-01,"Edmonton","AB",122.3,"COVID"
"1004",2021-08-01,"Edmonton","AB",122.5,"COVID"
"1005",2021-09-01,"Edmonton","AB",123.9,"COVID"
"1006",2021-10-01,"Edmonton","AB",134.7,"COVID"
"1007",2021-11-01,"Edmonton","AB",135.1,"COVID"
"1008",2021-12-01,"Edmonton","AB",134,"COVID"
"1009",2022-01-01,"Edmonton","AB",137.2,"COVID"
"1010",2022-02-01,"Edmonton","AB",146.4,"COVID"
"1011",2022-03-01,"Edmonton","AB",176.9,"COVID"
"1012",2022-04-01,"Edmonton","AB",172.6,"COVID"
"1013",2022-05-01,"Edmonton","AB",184.2,"COVID"
"1014",2022-06-01,"Edmonton","AB",193.4,"COVID"
"1015",2022-07-01,"Edmonton","AB",179.2,"COVID"
"1016",2022-08-01,"Edmonton","AB",164.4,"Post-COVID"
"1017",2022-09-01,"Edmonton","AB",173,"Post-COVID"
"1018",2022-10-01,"Edmonton","AB",186.1,"Post-COVID"
"1019",2022-11-01,"Edmonton","AB",190.8,"Post-COVID"
"1020",2022-12-01,"Edmonton","AB",184.4,"Post-COVID"
"1021",2023-01-01,"Edmonton","AB",170.9,"Post-COVID"
"1022",2023-02-01,"Edmonton","AB",150.6,"Post-COVID"
"1023",2023-03-01,"Edmonton","AB",141.9,"Post-COVID"
"1024",2023-04-01,"Edmonton","AB",142.6,"Post-COVID"
"1025",2023-05-01,"Edmonton","AB",137.4,"Post-COVID"
"1026",2023-06-01,"Edmonton","AB",130.9,"Post-COVID"
"1027",2023-07-01,"Edmonton","AB",131.1,"Post-COVID"
"1028",2023-08-01,"Edmonton","AB",151.6,"Post-COVID"
"1029",2023-09-01,"Edmonton","AB",160.9,"Post-COVID"
"1030",2023-10-01,"Edmonton","AB",161.3,"Post-COVID"
"1031",2023-11-01,"Edmonton","AB",164.8,"Post-COVID"
"1032",2023-12-01,"Edmonton","AB",150.6,"Post-COVID"
"1033",2024-01-01,"Edmonton","AB",147.9,"Post-COVID"
"1034",2024-02-01,"Edmonton","AB",157.5,"Post-COVID"
"1035",2024-03-01,"Edmonton","AB",157.6,"Post-COVID"
"1036",2024-04-01,"Edmonton","AB",162.4,"Post-COVID"
"1037",2024-05-01,"Edmonton","AB",158,"Post-COVID"
"1038",2024-06-01,"Edmonton","AB",159.3,"Post-COVID"
"1039",2024-07-01,"Edmonton","AB",162.9,"Post-COVID"
"1040",2024-08-01,"Edmonton","AB",162.7,"Post-COVID"
"1041",2024-09-01,"Edmonton","AB",155,"Post-COVID"
"1042",2024-10-01,"Edmonton","AB",157.3,"Post-COVID"
"1043",2024-11-01,"Edmonton","AB",158.2,"Post-COVID"
"1044",2024-12-01,"Edmonton","AB",155.8,"Post-COVID"
"1045",2017-10-01,"Calgary","AB",108.9,"Pre-COVID"
"1046",2017-11-01,"Calgary","AB",118.9,"Pre-COVID"
"1047",2017-12-01,"Calgary","AB",119.5,"Pre-COVID"
"1048",2018-01-01,"Calgary","AB",123.8,"Pre-COVID"
"1049",2018-02-01,"Calgary","AB",124.9,"Pre-COVID"
"1050",2018-03-01,"Calgary","AB",123.3,"Pre-COVID"
"1051",2018-04-01,"Calgary","AB",122.3,"Pre-COVID"
"1052",2018-05-01,"Calgary","AB",126.2,"Pre-COVID"
"1053",2018-06-01,"Calgary","AB",129.4,"Pre-COVID"
"1054",2018-07-01,"Calgary","AB",126.8,"Pre-COVID"
"1055",2018-08-01,"Calgary","AB",126.2,"Pre-COVID"
"1056",2018-09-01,"Calgary","AB",126.2,"Pre-COVID"
"1057",2018-10-01,"Calgary","AB",131.3,"Pre-COVID"
"1058",2018-11-01,"Calgary","AB",131.5,"Pre-COVID"
"1059",2018-12-01,"Calgary","AB",122.4,"Pre-COVID"
"1060",2019-01-01,"Calgary","AB",113.3,"Pre-COVID"
"1061",2019-02-01,"Calgary","AB",118.7,"Pre-COVID"
"1062",2019-03-01,"Calgary","AB",123.6,"Pre-COVID"
"1063",2019-04-01,"Calgary","AB",125.2,"Pre-COVID"
"1064",2019-05-01,"Calgary","AB",126.9,"Pre-COVID"
"1065",2019-06-01,"Calgary","AB",116.2,"Pre-COVID"
"1066",2019-07-01,"Calgary","AB",108.2,"Pre-COVID"
"1067",2019-08-01,"Calgary","AB",107.9,"Pre-COVID"
"1068",2019-09-01,"Calgary","AB",107.9,"Pre-COVID"
"1069",2019-10-01,"Calgary","AB",113.6,"Pre-COVID"
"1070",2019-11-01,"Calgary","AB",117.4,"Pre-COVID"
"1071",2019-12-01,"Calgary","AB",118.9,"Pre-COVID"
"1072",2020-01-01,"Calgary","AB",123.2,"Pre-COVID"
"1073",2020-02-01,"Calgary","AB",119.1,"Pre-COVID"
"1074",2020-03-01,"Calgary","AB",102.4,"COVID"
"1075",2020-04-01,"Calgary","AB",91.3,"COVID"
"1076",2020-05-01,"Calgary","AB",87.4,"COVID"
"1077",2020-06-01,"Calgary","AB",88.8,"COVID"
"1078",2020-07-01,"Calgary","AB",92.6,"COVID"
"1079",2020-08-01,"Calgary","AB",93.4,"COVID"
"1080",2020-09-01,"Calgary","AB",93.1,"COVID"
"1081",2020-10-01,"Calgary","AB",94.4,"COVID"
"1082",2020-11-01,"Calgary","AB",96.2,"COVID"
"1083",2020-12-01,"Calgary","AB",100.2,"COVID"
"1084",2021-01-01,"Calgary","AB",105.6,"COVID"
"1085",2021-02-01,"Calgary","AB",111.3,"COVID"
"1086",2021-03-01,"Calgary","AB",117.6,"COVID"
"1087",2021-04-01,"Calgary","AB",120.4,"COVID"
"1088",2021-05-01,"Calgary","AB",123.6,"COVID"
"1089",2021-06-01,"Calgary","AB",123.9,"COVID"
"1090",2021-07-01,"Calgary","AB",123.2,"COVID"
"1091",2021-08-01,"Calgary","AB",123.9,"COVID"
"1092",2021-09-01,"Calgary","AB",125.1,"COVID"
"1093",2021-10-01,"Calgary","AB",138.3,"COVID"
"1094",2021-11-01,"Calgary","AB",136.5,"COVID"
"1095",2021-12-01,"Calgary","AB",136.4,"COVID"
"1096",2022-01-01,"Calgary","AB",139.8,"COVID"
"1097",2022-02-01,"Calgary","AB",146.8,"COVID"
"1098",2022-03-01,"Calgary","AB",177.4,"COVID"
"1099",2022-04-01,"Calgary","AB",173.7,"COVID"
"1100",2022-05-01,"Calgary","AB",185.3,"COVID"
"1101",2022-06-01,"Calgary","AB",196.3,"COVID"
"1102",2022-07-01,"Calgary","AB",179.7,"COVID"
"1103",2022-08-01,"Calgary","AB",170.4,"Post-COVID"
"1104",2022-09-01,"Calgary","AB",172.5,"Post-COVID"
"1105",2022-10-01,"Calgary","AB",190.3,"Post-COVID"
"1106",2022-11-01,"Calgary","AB",194.5,"Post-COVID"
"1107",2022-12-01,"Calgary","AB",182.4,"Post-COVID"
"1108",2023-01-01,"Calgary","AB",169,"Post-COVID"
"1109",2023-02-01,"Calgary","AB",152.4,"Post-COVID"
"1110",2023-03-01,"Calgary","AB",144.6,"Post-COVID"
"1111",2023-04-01,"Calgary","AB",142.9,"Post-COVID"
"1112",2023-05-01,"Calgary","AB",137.8,"Post-COVID"
"1113",2023-06-01,"Calgary","AB",133.1,"Post-COVID"
"1114",2023-07-01,"Calgary","AB",134.6,"Post-COVID"
"1115",2023-08-01,"Calgary","AB",157.2,"Post-COVID"
"1116",2023-09-01,"Calgary","AB",163.4,"Post-COVID"
"1117",2023-10-01,"Calgary","AB",166.3,"Post-COVID"
"1118",2023-11-01,"Calgary","AB",168.5,"Post-COVID"
"1119",2023-12-01,"Calgary","AB",152.9,"Post-COVID"
"1120",2024-01-01,"Calgary","AB",153.3,"Post-COVID"
"1121",2024-02-01,"Calgary","AB",161.3,"Post-COVID"
"1122",2024-03-01,"Calgary","AB",160.7,"Post-COVID"
"1123",2024-04-01,"Calgary","AB",166.8,"Post-COVID"
"1124",2024-05-01,"Calgary","AB",162.1,"Post-COVID"
"1125",2024-06-01,"Calgary","AB",163.3,"Post-COVID"
"1126",2024-07-01,"Calgary","AB",166.7,"Post-COVID"
"1127",2024-08-01,"Calgary","AB",165.1,"Post-COVID"
"1128",2024-09-01,"Calgary","AB",159.9,"Post-COVID"
"1129",2024-10-01,"Calgary","AB",161.4,"Post-COVID"
"1130",2024-11-01,"Calgary","AB",161.6,"Post-COVID"
"1131",2024-12-01,"Calgary","AB",158.7,"Post-COVID"
"1132",2017-10-01,"Vancouver","BC",125.6,"Pre-COVID"
"1133",2017-11-01,"Vancouver","BC",129.6,"Pre-COVID"
"1134",2017-12-01,"Vancouver","BC",129,"Pre-COVID"
"1135",2018-01-01,"Vancouver","BC",133.5,"Pre-COVID"
"1136",2018-02-01,"Vancouver","BC",134.3,"Pre-COVID"
"1137",2018-03-01,"Vancouver","BC",135,"Pre-COVID"
"1138",2018-04-01,"Vancouver","BC",140.6,"Pre-COVID"
"1139",2018-05-01,"Vancouver","BC",145.4,"Pre-COVID"
"1140",2018-06-01,"Vancouver","BC",147.4,"Pre-COVID"
"1141",2018-07-01,"Vancouver","BC",140.3,"Pre-COVID"
"1142",2018-08-01,"Vancouver","BC",137.6,"Pre-COVID"
"1143",2018-09-01,"Vancouver","BC",141.5,"Pre-COVID"
"1144",2018-10-01,"Vancouver","BC",145.6,"Pre-COVID"
"1145",2018-11-01,"Vancouver","BC",143,"Pre-COVID"
"1146",2018-12-01,"Vancouver","BC",132.2,"Pre-COVID"
"1147",2019-01-01,"Vancouver","BC",127.3,"Pre-COVID"
"1148",2019-02-01,"Vancouver","BC",130.9,"Pre-COVID"
"1149",2019-03-01,"Vancouver","BC",133.6,"Pre-COVID"
"1150",2019-04-01,"Vancouver","BC",139,"Pre-COVID"
"1151",2019-05-01,"Vancouver","BC",142.7,"Pre-COVID"
"1152",2019-06-01,"Vancouver","BC",136.2,"Pre-COVID"
"1153",2019-07-01,"Vancouver","BC",135.2,"Pre-COVID"
"1154",2019-08-01,"Vancouver","BC",133.4,"Pre-COVID"
"1155",2019-09-01,"Vancouver","BC",135.3,"Pre-COVID"
"1156",2019-10-01,"Vancouver","BC",142.5,"Pre-COVID"
"1157",2019-11-01,"Vancouver","BC",148.5,"Pre-COVID"
"1158",2019-12-01,"Vancouver","BC",138.6,"Pre-COVID"
"1159",2020-01-01,"Vancouver","BC",136,"Pre-COVID"
"1160",2020-02-01,"Vancouver","BC",131.4,"Pre-COVID"
"1161",2020-03-01,"Vancouver","BC",120.4,"COVID"
"1162",2020-04-01,"Vancouver","BC",106.4,"COVID"
"1163",2020-05-01,"Vancouver","BC",100.1,"COVID"
"1164",2020-06-01,"Vancouver","BC",106.8,"COVID"
"1165",2020-07-01,"Vancouver","BC",110.6,"COVID"
"1166",2020-08-01,"Vancouver","BC",110.7,"COVID"
"1167",2020-09-01,"Vancouver","BC",108.3,"COVID"
"1168",2020-10-01,"Vancouver","BC",109.3,"COVID"
"1169",2020-11-01,"Vancouver","BC",116.1,"COVID"
"1170",2020-12-01,"Vancouver","BC",117.8,"COVID"
"1171",2021-01-01,"Vancouver","BC",120.7,"COVID"
"1172",2021-02-01,"Vancouver","BC",128.4,"COVID"
"1173",2021-03-01,"Vancouver","BC",134.9,"COVID"
"1174",2021-04-01,"Vancouver","BC",137.1,"COVID"
"1175",2021-05-01,"Vancouver","BC",140.8,"COVID"
"1176",2021-06-01,"Vancouver","BC",145.8,"COVID"
"1177",2021-07-01,"Vancouver","BC",150,"COVID"
"1178",2021-08-01,"Vancouver","BC",152.9,"COVID"
"1179",2021-09-01,"Vancouver","BC",153,"COVID"
"1180",2021-10-01,"Vancouver","BC",161.2,"COVID"
"1181",2021-11-01,"Vancouver","BC",163.1,"COVID"
"1182",2021-12-01,"Vancouver","BC",162.1,"COVID"
"1183",2022-01-01,"Vancouver","BC",176.5,"COVID"
"1184",2022-02-01,"Vancouver","BC",181.2,"COVID"
"1185",2022-03-01,"Vancouver","BC",209.9,"COVID"
"1186",2022-04-01,"Vancouver","BC",211.9,"COVID"
"1187",2022-05-01,"Vancouver","BC",232.4,"COVID"
"1188",2022-06-01,"Vancouver","BC",250.1,"COVID"
"1189",2022-07-01,"Vancouver","BC",216.6,"COVID"
"1190",2022-08-01,"Vancouver","BC",201.5,"Post-COVID"
"1191",2022-09-01,"Vancouver","BC",210.6,"Post-COVID"
"1192",2022-10-01,"Vancouver","BC",233.3,"Post-COVID"
"1193",2022-11-01,"Vancouver","BC",227.8,"Post-COVID"
"1194",2022-12-01,"Vancouver","BC",196.5,"Post-COVID"
"1195",2023-01-01,"Vancouver","BC",197.8,"Post-COVID"
"1196",2023-02-01,"Vancouver","BC",194.8,"Post-COVID"
"1197",2023-03-01,"Vancouver","BC",188.2,"Post-COVID"
"1198",2023-04-01,"Vancouver","BC",184,"Post-COVID"
"1199",2023-05-01,"Vancouver","BC",178.9,"Post-COVID"
"1200",2023-06-01,"Vancouver","BC",177.9,"Post-COVID"
"1201",2023-07-01,"Vancouver","BC",183.7,"Post-COVID"
"1202",2023-08-01,"Vancouver","BC",209.1,"Post-COVID"
"1203",2023-09-01,"Vancouver","BC",222.9,"Post-COVID"
"1204",2023-10-01,"Vancouver","BC",211.7,"Post-COVID"
"1205",2023-11-01,"Vancouver","BC",198.9,"Post-COVID"
"1206",2023-12-01,"Vancouver","BC",183.2,"Post-COVID"
"1207",2024-01-01,"Vancouver","BC",180,"Post-COVID"
"1208",2024-02-01,"Vancouver","BC",185.1,"Post-COVID"
"1209",2024-03-01,"Vancouver","BC",184.9,"Post-COVID"
"1210",2024-04-01,"Vancouver","BC",190.2,"Post-COVID"
"1211",2024-05-01,"Vancouver","BC",184.9,"Post-COVID"
"1212",2024-06-01,"Vancouver","BC",185.8,"Post-COVID"
"1213",2024-07-01,"Vancouver","BC",188.1,"Post-COVID"
"1214",2024-08-01,"Vancouver","BC",182.1,"Post-COVID"
"1215",2024-09-01,"Vancouver","BC",179.2,"Post-COVID"
"1216",2024-10-01,"Vancouver","BC",185.4,"Post-COVID"
"1217",2024-11-01,"Vancouver","BC",186.8,"Post-COVID"
"1218",2024-12-01,"Vancouver","BC",181.9,"Post-COVID"
"1219",2017-10-01,"Victoria","BC",121.6,"Pre-COVID"
"1220",2017-11-01,"Victoria","BC",125.7,"Pre-COVID"
"1221",2017-12-01,"Victoria","BC",123.6,"Pre-COVID"
"1222",2018-01-01,"Victoria","BC",127.1,"Pre-COVID"
"1223",2018-02-01,"Victoria","BC",128.5,"Pre-COVID"
"1224",2018-03-01,"Victoria","BC",129.5,"Pre-COVID"
"1225",2018-04-01,"Victoria","BC",135.9,"Pre-COVID"
"1226",2018-05-01,"Victoria","BC",142.5,"Pre-COVID"
"1227",2018-06-01,"Victoria","BC",143.8,"Pre-COVID"
"1228",2018-07-01,"Victoria","BC",138.6,"Pre-COVID"
"1229",2018-08-01,"Victoria","BC",136.9,"Pre-COVID"
"1230",2018-09-01,"Victoria","BC",139.8,"Pre-COVID"
"1231",2018-10-01,"Victoria","BC",143.4,"Pre-COVID"
"1232",2018-11-01,"Victoria","BC",139.8,"Pre-COVID"
"1233",2018-12-01,"Victoria","BC",129.5,"Pre-COVID"
"1234",2019-01-01,"Victoria","BC",127.8,"Pre-COVID"
"1235",2019-02-01,"Victoria","BC",130.2,"Pre-COVID"
"1236",2019-03-01,"Victoria","BC",132.1,"Pre-COVID"
"1237",2019-04-01,"Victoria","BC",137.1,"Pre-COVID"
"1238",2019-05-01,"Victoria","BC",141.1,"Pre-COVID"
"1239",2019-06-01,"Victoria","BC",133.7,"Pre-COVID"
"1240",2019-07-01,"Victoria","BC",132.2,"Pre-COVID"
"1241",2019-08-01,"Victoria","BC",130,"Pre-COVID"
"1242",2019-09-01,"Victoria","BC",132.7,"Pre-COVID"
"1243",2019-10-01,"Victoria","BC",137.9,"Pre-COVID"
"1244",2019-11-01,"Victoria","BC",141.6,"Pre-COVID"
"1245",2019-12-01,"Victoria","BC",132,"Pre-COVID"
"1246",2020-01-01,"Victoria","BC",130.5,"Pre-COVID"
"1247",2020-02-01,"Victoria","BC",125.7,"Pre-COVID"
"1248",2020-03-01,"Victoria","BC",115.4,"COVID"
"1249",2020-04-01,"Victoria","BC",102.6,"COVID"
"1250",2020-05-01,"Victoria","BC",97.5,"COVID"
"1251",2020-06-01,"Victoria","BC",104.3,"COVID"
"1252",2020-07-01,"Victoria","BC",107.7,"COVID"
"1253",2020-08-01,"Victoria","BC",106.9,"COVID"
"1254",2020-09-01,"Victoria","BC",104.5,"COVID"
"1255",2020-10-01,"Victoria","BC",106.8,"COVID"
"1256",2020-11-01,"Victoria","BC",111.3,"COVID"
"1257",2020-12-01,"Victoria","BC",113.8,"COVID"
"1258",2021-01-01,"Victoria","BC",117.7,"COVID"
"1259",2021-02-01,"Victoria","BC",125,"COVID"
"1260",2021-03-01,"Victoria","BC",131.4,"COVID"
"1261",2021-04-01,"Victoria","BC",132.9,"COVID"
"1262",2021-05-01,"Victoria","BC",135.9,"COVID"
"1263",2021-06-01,"Victoria","BC",139.9,"COVID"
"1264",2021-07-01,"Victoria","BC",143.8,"COVID"
"1265",2021-08-01,"Victoria","BC",146.8,"COVID"
"1266",2021-09-01,"Victoria","BC",147.1,"COVID"
"1267",2021-10-01,"Victoria","BC",156.1,"COVID"
"1268",2021-11-01,"Victoria","BC",157.3,"COVID"
"1269",2021-12-01,"Victoria","BC",155.8,"COVID"
"1270",2022-01-01,"Victoria","BC",168.9,"COVID"
"1271",2022-02-01,"Victoria","BC",173.9,"COVID"
"1272",2022-03-01,"Victoria","BC",203.5,"COVID"
"1273",2022-04-01,"Victoria","BC",206.2,"COVID"
"1274",2022-05-01,"Victoria","BC",222.2,"COVID"
"1275",2022-06-01,"Victoria","BC",241.1,"COVID"
"1276",2022-07-01,"Victoria","BC",211.3,"COVID"
"1277",2022-08-01,"Victoria","BC",193.3,"Post-COVID"
"1278",2022-09-01,"Victoria","BC",201.4,"Post-COVID"
"1279",2022-10-01,"Victoria","BC",224.1,"Post-COVID"
"1280",2022-11-01,"Victoria","BC",220.4,"Post-COVID"
"1281",2022-12-01,"Victoria","BC",190.9,"Post-COVID"
"1282",2023-01-01,"Victoria","BC",192.2,"Post-COVID"
"1283",2023-02-01,"Victoria","BC",188,"Post-COVID"
"1284",2023-03-01,"Victoria","BC",183.6,"Post-COVID"
"1285",2023-04-01,"Victoria","BC",176.1,"Post-COVID"
"1286",2023-05-01,"Victoria","BC",171.1,"Post-COVID"
"1287",2023-06-01,"Victoria","BC",171.6,"Post-COVID"
"1288",2023-07-01,"Victoria","BC",178.6,"Post-COVID"
"1289",2023-08-01,"Victoria","BC",202.5,"Post-COVID"
"1290",2023-09-01,"Victoria","BC",216.5,"Post-COVID"
"1291",2023-10-01,"Victoria","BC",204.1,"Post-COVID"
"1292",2023-11-01,"Victoria","BC",192.1,"Post-COVID"
"1293",2023-12-01,"Victoria","BC",177.1,"Post-COVID"
"1294",2024-01-01,"Victoria","BC",174.7,"Post-COVID"
"1295",2024-02-01,"Victoria","BC",181.1,"Post-COVID"
"1296",2024-03-01,"Victoria","BC",181,"Post-COVID"
"1297",2024-04-01,"Victoria","BC",186.1,"Post-COVID"
"1298",2024-05-01,"Victoria","BC",180.7,"Post-COVID"
"1299",2024-06-01,"Victoria","BC",180.4,"Post-COVID"
"1300",2024-07-01,"Victoria","BC",183.9,"Post-COVID"
"1301",2024-08-01,"Victoria","BC",177,"Post-COVID"
"1302",2024-09-01,"Victoria","BC",173.7,"Post-COVID"
"1303",2024-10-01,"Victoria","BC",178.7,"Post-COVID"
"1304",2024-11-01,"Victoria","BC",180.2,"Post-COVID"
"1305",2024-12-01,"Victoria","BC",175.3,"Post-COVID"
"1306",2017-10-01,"Whitehorse","YT",114.9,"Pre-COVID"
"1307",2017-11-01,"Whitehorse","YT",121.8,"Pre-COVID"
"1308",2017-12-01,"Whitehorse","YT",122.9,"Pre-COVID"
"1309",2018-01-01,"Whitehorse","YT",124.7,"Pre-COVID"
"1310",2018-02-01,"Whitehorse","YT",128.9,"Pre-COVID"
"1311",2018-03-01,"Whitehorse","YT",128.9,"Pre-COVID"
"1312",2018-04-01,"Whitehorse","YT",129.2,"Pre-COVID"
"1313",2018-05-01,"Whitehorse","YT",135.7,"Pre-COVID"
"1314",2018-06-01,"Whitehorse","YT",135.9,"Pre-COVID"
"1315",2018-07-01,"Whitehorse","YT",136.1,"Pre-COVID"
"1316",2018-08-01,"Whitehorse","YT",138.3,"Pre-COVID"
"1317",2018-09-01,"Whitehorse","YT",135.2,"Pre-COVID"
"1318",2018-10-01,"Whitehorse","YT",135.7,"Pre-COVID"
"1319",2018-11-01,"Whitehorse","YT",137,"Pre-COVID"
"1320",2018-12-01,"Whitehorse","YT",138.9,"Pre-COVID"
"1321",2019-01-01,"Whitehorse","YT",135.9,"Pre-COVID"
"1322",2019-02-01,"Whitehorse","YT",135.9,"Pre-COVID"
"1323",2019-03-01,"Whitehorse","YT",140.2,"Pre-COVID"
"1324",2019-04-01,"Whitehorse","YT",140.4,"Pre-COVID"
"1325",2019-05-01,"Whitehorse","YT",137.5,"Pre-COVID"
"1326",2019-06-01,"Whitehorse","YT",135.9,"Pre-COVID"
"1327",2019-07-01,"Whitehorse","YT",140.6,"Pre-COVID"
"1328",2019-08-01,"Whitehorse","YT",140.9,"Pre-COVID"
"1329",2019-09-01,"Whitehorse","YT",140.8,"Pre-COVID"
"1330",2019-10-01,"Whitehorse","YT",140.9,"Pre-COVID"
"1331",2019-11-01,"Whitehorse","YT",140.9,"Pre-COVID"
"1332",2019-12-01,"Whitehorse","YT",145.2,"Pre-COVID"
"1333",2020-01-01,"Whitehorse","YT",145.5,"Pre-COVID"
"1334",2020-02-01,"Whitehorse","YT",144.5,"Pre-COVID"
"1335",2020-03-01,"Whitehorse","YT",136,"COVID"
"1336",2020-04-01,"Whitehorse","YT",125.9,"COVID"
"1337",2020-05-01,"Whitehorse","YT",119.7,"COVID"
"1338",2020-06-01,"Whitehorse","YT",119.6,"COVID"
"1339",2020-07-01,"Whitehorse","YT",119.5,"COVID"
"1340",2020-08-01,"Whitehorse","YT",119.9,"COVID"
"1341",2020-09-01,"Whitehorse","YT",119.8,"COVID"
"1342",2020-10-01,"Whitehorse","YT",119.9,"COVID"
"1343",2020-11-01,"Whitehorse","YT",119.9,"COVID"
"1344",2020-12-01,"Whitehorse","YT",119.9,"COVID"
"1345",2021-01-01,"Whitehorse","YT",125.9,"COVID"
"1346",2021-02-01,"Whitehorse","YT",128.8,"COVID"
"1347",2021-03-01,"Whitehorse","YT",137.6,"COVID"
"1348",2021-04-01,"Whitehorse","YT",143.2,"COVID"
"1349",2021-05-01,"Whitehorse","YT",142.9,"COVID"
"1350",2021-06-01,"Whitehorse","YT",142.9,"COVID"
"1351",2021-07-01,"Whitehorse","YT",146.1,"COVID"
"1352",2021-08-01,"Whitehorse","YT",146.5,"COVID"
"1353",2021-09-01,"Whitehorse","YT",146.8,"COVID"
"1354",2021-10-01,"Whitehorse","YT",151.6,"COVID"
"1355",2021-11-01,"Whitehorse","YT",154.9,"COVID"
"1356",2021-12-01,"Whitehorse","YT",154.9,"COVID"
"1357",2022-01-01,"Whitehorse","YT",156.7,"COVID"
"1358",2022-02-01,"Whitehorse","YT",167.5,"COVID"
"1359",2022-03-01,"Whitehorse","YT",193.8,"COVID"
"1360",2022-04-01,"Whitehorse","YT",205.2,"COVID"
"1361",2022-05-01,"Whitehorse","YT",225,"COVID"
"1362",2022-06-01,"Whitehorse","YT",227.3,"COVID"
"1363",2022-07-01,"Whitehorse","YT",227.8,"COVID"
"1364",2022-08-01,"Whitehorse","YT",210.3,"Post-COVID"
"1365",2022-09-01,"Whitehorse","YT",217.1,"Post-COVID"
"1366",2022-10-01,"Whitehorse","YT",216.7,"Post-COVID"
"1367",2022-11-01,"Whitehorse","YT",229.9,"Post-COVID"
"1368",2022-12-01,"Whitehorse","YT",216,"Post-COVID"
"1369",2023-01-01,"Whitehorse","YT",209.6,"Post-COVID"
"1370",2023-02-01,"Whitehorse","YT",208.5,"Post-COVID"
"1371",2023-03-01,"Whitehorse","YT",204.2,"Post-COVID"
"1372",2023-04-01,"Whitehorse","YT",204.6,"Post-COVID"
"1373",2023-05-01,"Whitehorse","YT",195.7,"Post-COVID"
"1374",2023-06-01,"Whitehorse","YT",191.4,"Post-COVID"
"1375",2023-07-01,"Whitehorse","YT",181.4,"Post-COVID"
"1376",2023-08-01,"Whitehorse","YT",195.7,"Post-COVID"
"1377",2023-09-01,"Whitehorse","YT",199.9,"Post-COVID"
"1378",2023-10-01,"Whitehorse","YT",199.9,"Post-COVID"
"1379",2023-11-01,"Whitehorse","YT",204.4,"Post-COVID"
"1380",2023-12-01,"Whitehorse","YT",195.1,"Post-COVID"
"1381",2024-01-01,"Whitehorse","YT",189.9,"Post-COVID"
"1382",2024-02-01,"Whitehorse","YT",189.9,"Post-COVID"
"1383",2024-03-01,"Whitehorse","YT",189.9,"Post-COVID"
"1384",2024-04-01,"Whitehorse","YT",194.2,"Post-COVID"
"1385",2024-05-01,"Whitehorse","YT",194.4,"Post-COVID"
"1386",2024-06-01,"Whitehorse","YT",194.5,"Post-COVID"
"1387",2024-07-01,"Whitehorse","YT",194.9,"Post-COVID"
"1388",2024-08-01,"Whitehorse","YT",194.9,"Post-COVID"
"1389",2024-09-01,"Whitehorse","YT",192.8,"Post-COVID"
"1390",2024-10-01,"Whitehorse","YT",189.9,"Post-COVID"
"1391",2024-11-01,"Whitehorse","YT",189.8,"Post-COVID"
"1392",2024-12-01,"Whitehorse","YT",186.5,"Post-COVID"
"1393",2017-10-01,"Yellowknife","NT",114.2,"Pre-COVID"
"1394",2017-11-01,"Yellowknife","NT",122.8,"Pre-COVID"
"1395",2017-12-01,"Yellowknife","NT",123.9,"Pre-COVID"
"1396",2018-01-01,"Yellowknife","NT",124.3,"Pre-COVID"
"1397",2018-02-01,"Yellowknife","NT",125.4,"Pre-COVID"
"1398",2018-03-01,"Yellowknife","NT",125.9,"Pre-COVID"
"1399",2018-04-01,"Yellowknife","NT",127.6,"Pre-COVID"
"1400",2018-05-01,"Yellowknife","NT",132.5,"Pre-COVID"
"1401",2018-06-01,"Yellowknife","NT",136,"Pre-COVID"
"1402",2018-07-01,"Yellowknife","NT",136.7,"Pre-COVID"
"1403",2018-08-01,"Yellowknife","NT",137.5,"Pre-COVID"
"1404",2018-09-01,"Yellowknife","NT",137.6,"Pre-COVID"
"1405",2018-10-01,"Yellowknife","NT",142,"Pre-COVID"
"1406",2018-11-01,"Yellowknife","NT",142,"Pre-COVID"
"1407",2018-12-01,"Yellowknife","NT",137,"Pre-COVID"
"1408",2019-01-01,"Yellowknife","NT",126.1,"Pre-COVID"
"1409",2019-02-01,"Yellowknife","NT",126.4,"Pre-COVID"
"1410",2019-03-01,"Yellowknife","NT",130.7,"Pre-COVID"
"1411",2019-04-01,"Yellowknife","NT",135.7,"Pre-COVID"
"1412",2019-05-01,"Yellowknife","NT",139.9,"Pre-COVID"
"1413",2019-06-01,"Yellowknife","NT",138.7,"Pre-COVID"
"1414",2019-07-01,"Yellowknife","NT",134.6,"Pre-COVID"
"1415",2019-08-01,"Yellowknife","NT",132.6,"Pre-COVID"
"1416",2019-09-01,"Yellowknife","NT",132,"Pre-COVID"
"1417",2019-10-01,"Yellowknife","NT",135.9,"Pre-COVID"
"1418",2019-11-01,"Yellowknife","NT",136.7,"Pre-COVID"
"1419",2019-12-01,"Yellowknife","NT",138.3,"Pre-COVID"
"1420",2020-01-01,"Yellowknife","NT",140.2,"Pre-COVID"
"1421",2020-02-01,"Yellowknife","NT",138.9,"Pre-COVID"
"1422",2020-03-01,"Yellowknife","NT",126.4,"COVID"
"1423",2020-04-01,"Yellowknife","NT",108.5,"COVID"
"1424",2020-05-01,"Yellowknife","NT",100.1,"COVID"
"1425",2020-06-01,"Yellowknife","NT",101.8,"COVID"
"1426",2020-07-01,"Yellowknife","NT",106.5,"COVID"
"1427",2020-08-01,"Yellowknife","NT",107.4,"COVID"
"1428",2020-09-01,"Yellowknife","NT",108.5,"COVID"
"1429",2020-10-01,"Yellowknife","NT",110.8,"COVID"
"1430",2020-11-01,"Yellowknife","NT",111.9,"COVID"
"1431",2020-12-01,"Yellowknife","NT",117.6,"COVID"
"1432",2021-01-01,"Yellowknife","NT",120.6,"COVID"
"1433",2021-02-01,"Yellowknife","NT",122,"COVID"
"1434",2021-03-01,"Yellowknife","NT",129.9,"COVID"
"1435",2021-04-01,"Yellowknife","NT",134.3,"COVID"
"1436",2021-05-01,"Yellowknife","NT",137.5,"COVID"
"1437",2021-06-01,"Yellowknife","NT",140.8,"COVID"
"1438",2021-07-01,"Yellowknife","NT",142.3,"COVID"
"1439",2021-08-01,"Yellowknife","NT",143.4,"COVID"
"1440",2021-09-01,"Yellowknife","NT",145,"COVID"
"1441",2021-10-01,"Yellowknife","NT",149.8,"COVID"
"1442",2021-11-01,"Yellowknife","NT",153.7,"COVID"
"1443",2021-12-01,"Yellowknife","NT",155.3,"COVID"
"1444",2022-01-01,"Yellowknife","NT",154,"COVID"
"1445",2022-02-01,"Yellowknife","NT",160.4,"COVID"
"1446",2022-03-01,"Yellowknife","NT",190.5,"COVID"
"1447",2022-04-01,"Yellowknife","NT",196.2,"COVID"
"1448",2022-05-01,"Yellowknife","NT",208.5,"COVID"
"1449",2022-06-01,"Yellowknife","NT",214,"COVID"
"1450",2022-07-01,"Yellowknife","NT",216.9,"COVID"
"1451",2022-08-01,"Yellowknife","NT",193.8,"Post-COVID"
"1452",2022-09-01,"Yellowknife","NT",200.2,"Post-COVID"
"1453",2022-10-01,"Yellowknife","NT",202.5,"Post-COVID"
"1454",2022-11-01,"Yellowknife","NT",212.4,"Post-COVID"
"1455",2022-12-01,"Yellowknife","NT",204.6,"Post-COVID"
"1456",2023-01-01,"Yellowknife","NT",197.1,"Post-COVID"
"1457",2023-02-01,"Yellowknife","NT",188,"Post-COVID"
"1458",2023-03-01,"Yellowknife","NT",178.4,"Post-COVID"
"1459",2023-04-01,"Yellowknife","NT",182,"Post-COVID"
"1460",2023-05-01,"Yellowknife","NT",179.7,"Post-COVID"
"1461",2023-06-01,"Yellowknife","NT",177.2,"Post-COVID"
"1462",2023-07-01,"Yellowknife","NT",174.8,"Post-COVID"
"1463",2023-08-01,"Yellowknife","NT",175.7,"Post-COVID"
"1464",2023-09-01,"Yellowknife","NT",180.3,"Post-COVID"
"1465",2023-10-01,"Yellowknife","NT",183.1,"Post-COVID"
"1466",2023-11-01,"Yellowknife","NT",187.3,"Post-COVID"
"1467",2023-12-01,"Yellowknife","NT",185.1,"Post-COVID"
"1468",2024-01-01,"Yellowknife","NT",180.8,"Post-COVID"
"1469",2024-02-01,"Yellowknife","NT",180.5,"Post-COVID"
"1470",2024-03-01,"Yellowknife","NT",180.9,"Post-COVID"
"1471",2024-04-01,"Yellowknife","NT",185.7,"Post-COVID"
"1472",2024-05-01,"Yellowknife","NT",183.4,"Post-COVID"
"1473",2024-06-01,"Yellowknife","NT",178.9,"Post-COVID"
"1474",2024-07-01,"Yellowknife","NT",179.8,"Post-COVID"
"1475",2024-08-01,"Yellowknife","NT",180.5,"Post-COVID"
"1476",2024-09-01,"Yellowknife","NT",179.2,"Post-COVID"
"1477",2024-10-01,"Yellowknife","NT",179.4,"Post-COVID"
"1478",2024-11-01,"Yellowknife","NT",179.9,"Post-COVID"
"1479",2024-12-01,"Yellowknife","NT",179.9,"Post-COVID"
